date,routput,rcon,rcong,rconnd,rcond,rcons,rconshh,rconsnp,rinvbf,rinvresid,rex,rimp,rg,rgf,rgsl,rconhh,noutput,ncong,nconshh,nconsnp,nconhh,p,pcong,pconshh,pconsnp,pconhh,pconx,oph,ulc,rconm,rcongm,rcondm,rconndm,rconsm,rconshhm,rconsnpm,rconhhm,ncongm,nconshhm,nconsnpm,nconhhm,pcongm,pconshhm,pconsnpm,pconhhm,pcpi,pcpix,pppi,pppix,employ_level,employ_pct_chg,h,hg,hs,ipt,ipm,cut,cum,hstarts
1962:Q4,,,,,,,,,,,,,,,,,,,,,,,,,,,,,,,,,,,,,,,,,,,,,,,,,,,,,,,-0.651733333333333,0.374466666666667,,,
1963:Q1,,,,,,,,,,,,,,,,,,,,,,,,,,,,,,,,,,,,,,,,,,,,,,,,,,,,,,,3.52293333333333,3.18146666666667,,,
1963:Q2,,,,,,,,,,,,,,,,,,,,,,,,,,,,,,,,,,,,,,,,,,,,,,,,,,,,,,,14.3570666666667,15.3449,,,
1963:Q3,,,,,,,,,,,,,,,,,,,,,,,,,,,,,,,,,,,,,,,,,,,,,,,,,,,,,,,0.5647,0.201933333333334,,,
1963:Q4,,,,,,,,,,,,,,,,,,,,,,,,,,,,,,,,,,,,,,,,,,,,,,,,,,,,,,,4.86683333333333,5.18576666666667,,,
1964:Q1,,,,,,,,,,,,,,,,,,,,,,,,,,,,,,,,,,,,,,,,,,,,,,,,,,,,,,,3.1965,2.8629,,,
1964:Q2,,,,,,,,,,,,,,,,,,,,,,,,,,,,,,,,,,,,,,,,,,,,,,,,,,,,,,,7.35936666666667,6.6584,,,
1964:Q3,,,,,,,,,,,,,,,,,,,,,,,,,,,,,,,,,,,,,,,,,,,,,,,,,,,,,,,6.26363333333333,6.5516,,,
1964:Q4,,,,,,,,,,,,,,,,,,,,,,,,,,,,,,,,,,,,,,,,,,,,,,,,,,322.0,6.8225,,,,12.0231,14.3133,,,
1965:Q1,,,,,,,,,,,,,,,,,,,,,,,,,,,,,,,,,,,,,,,,,,,,,,,,,,183.333333333333,3.77203333333333,,,,7.81196666666667,8.34626666666667,,,
1965:Q2,,,,,,,,,,,,,,,,,,,,,,,,,,,,,,,,,,,,,,,,,,,,,,,,,,101.666666666667,2.07406666666667,,,,3.755,3.7196,,,
1965:Q3,5.2206,,,,,,,,,,,,,,,,6.7731,,,,,1.4755,,,,,,,,,,,,,,,,,,,,,,,,,,,,138.0,2.77136666666667,,,,0.1622,0.464533333333333,,,
1965:Q4,5.799,6.08,,6.9219,6.1616,5.3429,,,12.022,-9.7485,13.134,17.2103,6.8972,11.7097,2.1601,,7.9135,,,,,1.9986,,,,,,,,,,,,,,,,,,,,,,,,,,,,294.333333333333,5.94073333333333,,,,10.7943666666667,11.0256333333333,,,
1966:Q1,6.1591,,,,,,,,,,,,,,,,10.0542,,,,,3.6691,,,,,,,,,,,,,,,,,,,,,,,,,,,,275.0,5.43873333333333,,,,11.5014333333333,11.3428666666667,,,
1966:Q2,2.3308,,,,,,,,,,,,,,,,6.1259,,,,,3.7087,,,,,,,,,,,,,,,,,,,,,,,,,,,,165.333333333333,3.223,,,,6.4479,6.86516666666667,,,
1966:Q3,4.5512,,,,,,,,,,,,,,,,7.6959,,,,,3.0078,,,,,,,,,,,,,,,,,,,,,,,,,,,,115.0,2.19853333333333,,,,5.59443333333333,6.02563333333333,,,
1966:Q4,4.442,0.1914,,-1.2766,-2.216,3.2982,,,4.4561,-41.8705,10.9492,6.5374,13.0873,17.5364,8.329,,7.6147,,,,,3.0377,,,,,,,,,,,,,,,,,,,,,,,,,,,,237.0,4.50196666666667,,,,0.791533333333333,0.532,,,
1967:Q1,0.0,,,,,,,,,,,,,,,,2.6601,,,,,2.6601,,,,,,,,,,,,,,,,,,,,,,,,,,,,141.666666666667,2.65706666666667,,,,-6.5996,-7.40163333333333,,,
1967:Q2,2.3821,,,,,,,,,,,,,,,,4.7813,,,,,2.3434,,,,,,,,,,,,,,,,,,,,,,,,,,,,69.0,1.28323333333333,,,,-3.2798,-3.97656666666667,,,
1967:Q3,4.2174,,,,,,,,,,,,,,,,7.9686,,,,,3.5994,,,,,,,,,,,,,,,,,,,,,,,,,,,,127.333333333333,2.398,,,,2.53333333333333,2.2902,,,
1967:Q4,4.4781,1.5852,,0.8325,1.6609,2.6771,,,0.0,36.6638,-0.9313,14.1675,1.4373,-3.6766,6.954,,8.5526,,,,,3.8999,,,,,,,,,,,,,,,,,,,,,,,,,,,,265.0,4.93493333333333,,,,12.2951333333333,14.5049333333333,,,
1968:Q1,6.0785,,,,,,,,,,,,,,,,10.2839,,,,,3.9645,,,,,,,,,,,,,,,,,,,,,,,,,,,,242.333333333333,4.48496666666667,,,,0.312366666666667,-0.6548,,,1495.66666666667
1968:Q2,5.2992,,,,,,,,,,,,,,,,9.771,,,,,4.2468,,,,,,,,,,,,,,,,,,,,,,,,,,,,64.6666666666667,1.1534,,,,3.8155,4.05003333333333,,,1421.33333333333
1968:Q3,4.981,,,,,,,,,,,,,,,,8.6629,,,,,3.5072,,,,,,,,,,,,,,,,,,,,,,,,,,,,163.333333333333,2.91523333333333,,,,-3.3791,-3.5636,,,1548.33333333333
1968:Q4,3.8736,-0.7877,,-3.3819,-5.2276,4.1831,,,15.4428,31.781,-4.1359,-3.3681,2.4201,-0.5022,5.7872,,7.9414,,,,,3.916,,,,,,,,,,,,,,,,,,,,,,,,,,,,188.333333333333,3.3436,,,,9.59926666666667,10.5279666666667,,,1559.66666666667
1969:Q1,2.9269,,,,,,,,,,,,,,,,7.4095,,,,,4.3551,,,,,,,,,,,,,,,,,,,,,,,,,,,,261.333333333333,4.61483333333333,,,,4.60016666666667,4.07513333333333,,,1685.0
1969:Q2,2.3437,,,,,,,,,,,,,,,,7.4169,,,,,4.9571,,,,,,,,,,,,,,,,,,,,,,,,,,,,106.0,1.83586666666667,,,,6.481,5.70666666666667,,,1499.33333333333
1969:Q3,2.0522,,,,,,,,,,,,,,,,7.7868,,,,,5.6192,,,,,,,,,,,,,,,,,,,,,,,,,,,,117.333333333333,2.03293333333333,,,,1.30596666666667,1.75456666666667,,,1396.66666666667
1969:Q4,-0.0547,1.726,,1.8186,-2.8036,3.5532,,,3.9404,3.5871,9.0573,9.1324,-1.0667,-5.7017,4.401,,4.4421,,,,,4.4993,,,,,,,,,,,,,,,,,,,,,,,,,,,,50.6666666666667,0.878966666666667,,,,-6.84146666666667,-8.31186666666667,,,1291.33333333333
1970:Q1,-1.58,2.8468,,6.5687,-5.9925,3.075,,,0.9697,-19.527,14.4002,7.5203,-4.5041,-13.3476,3.8065,,3.4894,,,,,5.1508,,,,,,,,,,,,,,,,,,,,,,,,,,,,8.0,0.135733333333333,,,,-3.57736666666667,-4.90216666666667,,,1290.0
1970:Q2,0.2766,2.9865,,0.7805,10.0301,1.9517,,,-1.9631,-12.8558,9.5552,7.3816,-8.7974,-15.8392,-1.0796,,4.4927,,,,,4.2045,,,,,,,,,,,,,,,,,,,,,,,,,,,,-190.666666666667,-3.16703333333333,,,,-5.9057,-5.66096666666667,,,1246.33333333333
1970:Q3,1.4424,1.7686,,3.1339,-4.6288,3.2544,,,-2.9591,-1.985,3.8347,0.7944,1.1372,-3.4931,5.5543,,5.9356,,,,,4.4293,,,,,,,,,,,,,,,,,,,,,,,,,,,,-79.6666666666667,-1.34126666666667,,,,-5.76456666666667,-7.38623333333333,,,1506.66666666667
1970:Q4,-3.3125,-2.0688,,5.8895,-27.6577,2.147,,,-14.2443,38.5859,-1.5296,9.3061,-0.2842,-2.3951,1.6227,,2.2099,,,,,5.7115,,,,,,,,,,,,,,,,,,,,,,,,,,,,-109.0,-1.69883333333333,,,,-4.30386666666667,-3.1835,,,1743.0
1971:Q1,6.4244,7.5041,,-0.9441,52.0989,1.7075,,,11.4721,44.2343,13.9005,13.6275,-1.6997,-13.8704,9.9787,,12.0233,,,,,5.2609,,,,,,,,,,,,,,,,,,,,,,,,,,,,45.6666666666667,0.808766666666667,,,,2.09673333333333,1.6463,,,1778.0
1971:Q2,3.6673,5.6437,,6.862,8.5667,2.9993,,,3.6621,26.7131,-2.2534,27.1439,-1.1577,-5.7264,2.6541,,7.9458,,,,,4.1271,,,,,,,,,,,,,,,,,,,,,,,,,,,,-41.0,-0.640566666666667,,,,5.43786666666667,5.27703333333333,,,1938.66666666667
1971:Q3,2.8468,3.6233,,0.0,14.1469,2.7651,,,2.5656,6.1997,13.4608,9.1896,7.8042,15.3583,2.1052,,6.238,,,,,3.2974,,,,,,,,,,,,,,,,,,,,,,,,,,,,32.0,0.602333333333333,2.3924,-0.64275,5.0992,-4.49876666666667,-6.06793333333333,,,2134.66666666667
1971:Q4,6.074,4.0246,,3.4463,5.368,4.2457,,,3.5963,8.7541,-36.7648,-31.9995,9.7962,10.6047,9.7098,,7.6529,,,,,1.4885,,,,,,,,,,,,,,,,,,,,,,,,,,,,67.0,1.14343333333333,4.81316666666667,7.59406666666667,2.95043333333333,7.01983333333333,9.14676666666667,,,2294.33333333333
1972:Q1,5.2653,3.7394,,0.7544,8.8836,4.4192,,,16.105,37.4443,66.6954,66.4364,6.3154,4.4473,7.8549,,11.7841,,,,,6.1928,,,,,,,,,,,,,,,,,,,,,,,,,,,,199.666666666667,3.4136,1.18746666666667,2.1337,1.54143333333333,6.8773,6.9853,,,2528.66666666667
1972:Q2,8.9483,6.8215,,8.6511,7.077,4.7354,,,11.1431,0.0,-7.6953,-13.5167,5.4527,7.8652,3.5734,,11.2275,,,,,2.092,,,,,,,,,,,,,,,,,,,,,,,,,,,,134.666666666667,2.272,3.52203333333333,1.37053333333333,5.15146666666667,7.16446666666667,6.90933333333333,,,2245.0
1972:Q3,5.9452,6.1255,,2.9396,15.5272,5.3023,,,3.883,7.1614,28.4417,10.9492,-0.8313,-12.5489,8.2115,,8.2477,,,,,2.1733,,,,,,,,,,,,,,,,,,,,,,,,,,,,146.0,2.46673333333333,3.47993333333333,2.1454,4.3379,5.7772,6.57026666666667,,,2330.0
1972:Q4,8.4449,7.7031,,6.2712,15.7849,5.2408,,,15.0317,14.3926,25.1519,21.5906,1.1267,-10.118,10.1445,,11.3839,,,,,2.7101,,,,,,,,,,,,,,,,,,,,,,,,,,,,177.666666666667,2.961,2.68833333333333,1.88756666666667,3.22883333333333,11.5151333333333,12.3518,,,2415.66666666667
1973:Q1,7.8609,10.1852,,7.1027,32.371,2.9591,,,16.9653,10.263,25.318,26.513,0.5618,-4.662,5.368,,14.2996,,,,,5.9695,,,,,,,,,,,,,,,,,,,,,,,,,,,,275.333333333333,4.55896666666667,6.6336,9.83653333333333,5.75533333333333,7.945,8.73203333333333,,,2390.33333333333
1973:Q2,2.581,0.7985,,-1.2182,-1.3605,3.9211,,,2.6577,-3.3284,0.0,-17.1041,1.3923,-4.7249,5.6858,,9.4956,,,,,6.7406,,,,,,,,,,,,,,,,,,,,,,,,,,,,150.666666666667,2.43486666666667,5.23466666666667,5.26496666666667,4.96046666666667,7.48823333333333,8.26233333333333,,,2217.33333333333
1973:Q3,3.5461,2.5544,,3.5552,-4.4005,5.4648,,,9.5012,-7.6992,-2.9694,-2.5931,0.5521,-6.0436,5.1542,,10.449,,,,,6.6665,,,,,,,,,,,,,,,,,,,,,,,,,,,,173.666666666667,2.80533333333333,3.30796666666667,2.443,3.8954,5.01046666666667,6.5274,,,1994.66666666667
1973:Q4,1.3379,-2.5553,,-1.0385,-18.3411,5.18,,,3.919,-38.1116,15.0223,4.0604,-0.5506,-10.728,6.5323,,9.3571,,,,,7.9133,,,,,,,,,,,,,,,,,,,,,,,,,,,,180.333333333333,2.89443333333333,1.5243,4.051,0.0478000000000001,0.772166666666667,4.2006,,,1555.33333333333
1974:Q1,-5.8351,-2.7287,,-1.9134,-9.5715,0.0,,,-1.6824,-31.967,4.0024,4.102,5.6684,10.5972,2.7179,,4.3457,,,,,10.8117,,,,,,,,,,,,,,,,,,,,,,,,,,,,-69.6666666666667,-1.04613333333333,-6.02993333333333,-12.9173,-26.1700666666667,-7.3614,-7.0624,,,1582.0
1974:Q2,-1.1987,1.941,,-1.0676,9.0362,1.7204,,,0.416,-8.7857,2.2007,19.3923,-1.9041,-1.4134,-2.6489,,7.4718,,,,,8.7757,,,,,,,,,,,,,,,,,,,,,,,,,,,,86.6666666666667,1.3731,2.13056666666667,-0.483366666666667,3.46146666666667,3.28343333333333,4.3312,,,1557.0
1974:Q3,-2.8703,2.981,,2.5281,4.1839,3.0503,,,-4.8821,-28.8925,-13.9218,-7.7516,-1.0929,-1.4134,-0.8909,,8.2813,,,,,11.4811,,,,,,,,,,,,,,,,,,,,,,,,,,,,-4.0,-0.0544333333333333,-1.75466666666667,-6.4846,2.08853333333333,0.0648333333333332,0.846166666666667,,,1193.66666666667
1974:Q4,-9.0997,-11.9262,,-7.0676,-42.9201,1.885,,,-18.8951,-44.1694,-10.815,-20.7906,-0.2739,-1.4084,0.4482,,3.3456,,,,,13.6911,,,,,,,,,,,,,,,,,,,,,,,,,,,,-362.333333333333,-5.30556666666667,-11.6113333333333,-22.7289,-4.56353333333333,-19.959,-20.6215,,,994.0
1975:Q1,-10.3668,3.1412,,2.3695,13.5717,-0.5593,,,-20.9823,-45.8459,-15.0856,-27.9917,5.5814,7.2044,4.5551,,-3.2308,,,,,7.9613,,,,,,,,,,,,,,,,,,,,,,,,,,,,-457.0,-6.86033333333333,-15.6594666666667,-33.4531,-4.27103333333333,-25.706,-26.4985666666667,,,981.333333333333
1975:Q2,-0.3073,6.2367,,6.2539,10.0198,4.7622,,,-12.7101,2.3323,-25.8939,-27.2652,4.404,7.8887,3.1405,,4.8288,,,,,5.152,,,,,,,,,,,,,,,,,,,,,,,,,,,,11.3333333333333,0.180566666666667,0.793733333333333,2.03133333333333,0.123366666666667,-1.01833333333333,0.414866666666667,,,1062.0
1975:Q3,11.1584,6.9949,,3.9439,24.9196,2.4349,,,0.4991,47.9371,13.9452,43.8405,1.0767,0.6879,1.3267,,16.7562,,,,,5.0358,,,,,,,,,,,,,,,,,,,,,,,,,,,,266.0,4.28973333333333,7.3431,18.4404666666667,1.94933333333333,15.8370333333333,16.1211333333333,,,1246.0
1975:Q4,5.3994,3.4656,,5.0271,8.0694,0.7997,,,8.9666,31.5962,11.9552,11.1353,3.7628,4.2821,3.4629,,12.221,,,,,6.4721,,,,,,,,,,,,,,,,,,,,,,,,,,,,166.0,2.61203333333333,8.89816666666667,10.1774,2.3872,6.78856666666667,7.22053333333333,,,1380.66666666667
1976:Q1,7.5038,7.5434,,6.5941,22.4971,4.0219,,,7.6924,14.4856,-10.2214,26.1663,0.0,-1.2429,0.4843,,11.5022,,,,,3.7193,,,,,,,,,,,,,,,,,,,,,,,,,,,,252.0,3.9523,3.18783333333333,-1.32536666666667,5.25303333333333,7.63486666666667,8.08916666666667,,,1406.66666666667
1976:Q2,4.3706,4.0568,,4.0002,0.9689,5.2984,,,9.5611,16.3342,0.0,3.6863,4.1879,5.5632,3.158,,9.3045,,,,,4.7273,,,,,,,,,,,,,,,,,,,,,,,,,,,,141.333333333333,2.20106666666667,1.7134,3.39383333333333,1.50903333333333,7.04903333333333,8.44453333333333,,,1426.33333333333
1976:Q3,3.9296,3.9147,,2.6712,4.5484,4.6724,,,7.5136,10.9243,9.1001,8.3074,3.0696,5.0945,1.6801,,8.4958,,,,,4.3935,,,,,,,,,,,,,,,,,,,,,,,,,,,,234.666666666667,3.6168,1.0897,-1.94666666666667,3.70416666666667,3.14073333333333,2.5085,,,1581.0
1976:Q4,2.9563,5.4532,,8.539,2.5599,3.9426,,,1.0252,37.2006,-8.6817,-8.4656,0.4527,3.3296,-1.1838,,9.3657,,,,,6.2254,,,,,,,,,,,,,,,,,,,,,,,,,,,,154.333333333333,2.3753,5.56423333333333,5.91173333333333,5.3806,6.30063333333333,5.5675,,,1812.33333333333
1977:Q1,5.2227,6.1638,,0.1228,24.1846,5.7555,,,14.2772,6.4108,1.6529,20.4786,-2.2425,-3.2223,-1.8991,,11.3154,,,,,5.7903,,,,,,,,,,,,,,,,,,,,,,,,,,,,326.0,4.97496666666667,8.91063333333333,19.5976333333333,4.1235,6.27283333333333,8.00813333333333,,,1764.33333333333
1977:Q2,6.435,1.9902,,1.2188,3.8528,1.995,,,8.9759,41.7193,0.4134,2.8101,10.2464,17.5435,5.8953,,13.4894,,,,,6.6279,,,,,,,,,,,,,,,,,,,,,,,,,,,,198.0,2.95536666666667,2.20616666666667,6.24983333333333,0.0789,11.1139333333333,11.1607333333333,,,1879.0
1977:Q3,3.8107,1.839,,-1.0865,-4.2805,6.6848,,,4.1778,1.3961,-6.7269,-7.8392,10.7807,19.0285,6.0534,,9.1546,,,,,5.1477,,,,,,,,,,,,,,,,,,,,,,,,,,,,213.0,3.1579,0.4037,-7.34296666666667,4.56016666666667,1.8997,1.21596666666667,,,2042.0
1977:Q4,4.2214,7.6485,,10.6277,13.2088,3.4154,,,8.403,16.9859,-11.4927,-6.2411,4.1507,3.1339,5.0125,,10.6744,,,,,6.1917,,,,,,,,,,,,,,,,,,,,,,,,,,,,216.0,3.17436666666667,0.7003,2.20293333333333,1.6461,4.1149,4.9996,,,2193.0
1978:Q1,-0.5576,-0.2725,,-4.023,-10.8296,7.0568,,,1.5606,-5.8759,10.0636,17.7164,-2.9982,-7.821,0.0,,6.4935,,,,,7.0906,,,,,,,,,,,,,,,,,,,,,,,,,,,,348.333333333333,5.10986666666667,5.77896666666667,9.6612,3.55316666666667,5.55713333333333,4.8957,,,1734.33333333333
1978:Q2,7.4043,6.0873,,2.5442,23.9541,3.3209,,,15.1406,4.095,29.4212,7.2582,0.4417,-14.5466,10.457,,18.1694,,,,,10.0229,,,,,,,,,,,,,,,,,,,,,,,,,,,,356.333333333333,5.19126666666667,3.0875,8.78093333333333,0.738866666666667,8.24063333333333,7.90713333333333,,,2121.0
1978:Q3,3.4281,3.3818,,3.4942,-3.2518,5.658,,,-0.2844,-1.3289,4.1212,1.658,8.9663,21.2886,2.541,,10.673,,,,,7.0048,,,,,,,,,,,,,,,,,,,,,,,,,,,,106.333333333333,1.5134,1.37673333333333,-2.39826666666667,3.76046666666667,6.2073,6.7654,,,2062.33333333333
1978:Q4,6.115,6.8266,,7.487,15.7725,3.1587,,,5.1788,0.6717,13.88,7.8436,5.0064,12.0641,1.1393,,14.7391,,,,,8.1271,,,,,,,,,,,,,,,,,,,,,,,,,,,,382.333333333333,5.4424,6.1503,12.7407333333333,2.8044,7.23093333333333,7.47876666666667,,,2103.0
1979:Q1,0.7372,1.7219,,-1.5972,0.0,5.3322,,,2.7892,-13.8143,2.5304,7.7006,-3.3919,-1.5519,-4.4462,,9.4952,,,,,8.6939,,,,,,,,,,,,,,,,,,,,,,,,,,,,316.666666666667,4.42966666666667,4.44393333333333,4.80063333333333,4.42053333333333,4.9336,4.9022,,,1620.0
1979:Q2,-3.2587,-3.5533,,-6.0622,-15.9852,3.347,,,-4.8023,-5.4316,-4.3709,11.6792,-1.8796,-9.8968,3.0292,,6.2675,,,,,9.8471,,,,,,,,,,,,,,,,,,,,,,,,,,,,113.333333333333,1.5521,-2.3306,-1.14633333333333,-0.883933333333333,0.648366666666667,0.7761,,,1837.0
1979:Q3,2.412,4.3535,,2.938,6.2173,4.8743,,,3.5871,-4.8476,24.3691,0.7797,0.294,-2.0232,1.6161,,11.0215,,,,,8.4067,,,,,,,,,,,,,,,,,,,,,,,,,,,,60.3333333333333,0.814833333333333,0.0318666666666667,-4.4923,2.39226666666667,-2.53983333333333,-3.20393333333333,,85.1,1821.0
1979:Q4,1.4309,4.0787,,8.0197,-2.4282,3.106,,,-6.9762,-10.204,5.6818,4.3796,4.77,12.9013,0.6851,,10.2712,,,,,8.7156,,,,,,,,,,,,,,,,,,,,,,,,,,,,280.333333333333,3.80516666666667,3.5757,4.51456666666667,2.98876666666667,-0.441633333333333,-0.694033333333334,,84.6,1601.66666666667
1980:Q1,1.0875,1.5484,,-0.6742,-1.0862,4.2164,,,1.3355,-19.8324,13.5069,13.7185,5.449,16.3463,-0.6801,,10.7284,,,,,9.5372,,,,,,,,,,,,,,,,,,,,,,,,,,,,102.0,1.39373333333333,-2.78336666666667,-7.4172,0.324966666666667,-1.15646666666667,-1.39236666666667,,83.8333333333333,1265.0
1980:Q2,-9.0608,-9.4282,,-5.5296,-39.3754,-0.6392,,,-17.958,-60.0603,-8.805,-24.6839,0.8599,9.1168,-3.8144,,0.4132,,,,,10.418,,,,,,,,,,,,,,,,,,,,,,,,,,,,-391.0,-5.03663333333333,-11.2033666666667,-21.4782,-5.86103333333333,-22.6307333333333,-24.5492666666667,,78.6666666666667,1043.33333333333
1980:Q3,0.9976,5.1926,,0.2302,20.9339,4.8612,,,-3.2628,5.0053,-4.2938,-17.1849,-1.8384,-4.0604,-0.9148,,10.1538,,,,,9.0658,,,,,,,,,,,,,,,,,,,,,,,,,,,,50.0,0.702566666666667,3.5703,5.22936666666667,3.26493333333333,0.522366666666667,-0.0856333333333336,,74.7666666666667,1403.0
1980:Q4,5.0385,5.3468,,2.9628,18.3354,3.6584,,,-3.0513,54.0591,-2.469,15.6262,2.8049,6.5144,0.6635,,16.7485,,,,,11.1484,,,,,,,,,,,,,,,,,,,,,,,,,,,,243.333333333333,3.27126666666667,4.9525,12.3953666666667,1.4729,17.1384666666667,17.5914,,78.7333333333333,1557.33333333333
1981:Q1,6.5074,4.7288,,3.8273,23.3751,0.0895,,,12.523,0.7929,20.4658,16.3426,4.348,12.4614,-0.2191,,14.8545,,,,,7.8371,,,,,,,,,,,,,,,,,,,,,,,,,,,,142.0,1.90743333333333,1.90843333333333,2.54343333333333,2.9204,2.2871,1.4828,,79.6,1362.33333333333
1981:Q2,-1.9118,-1.9025,,1.5452,-23.4795,3.1554,,,-6.0314,-20.2175,-5.3064,10.0343,-4.6838,-6.6614,-3.6743,,3.9839,,,,,6.0105,,,,,,,,,,,,,,,,,,,,,,,,,,,,-83.3333333333333,-1.07796666666667,-2.8545,-4.657,-1.95783333333333,2.68783333333333,2.27336666666667,,80.0,1175.66666666667
1981:Q3,-0.5814,4.2975,,1.3143,15.37,3.5065,,,-0.2481,-33.285,-8.6227,10.8112,-0.5515,5.6351,-3.9254,,8.7566,,,,,9.3926,,,,,,,,,,,,,,,,,,,,,,,,,,,,130.0,1.74393333333333,-0.0720666666666666,-5.92486666666667,3.691,-3.19923333333333,-3.73833333333333,,79.1,970.0
1981:Q4,-5.2249,-1.8565,,0.4345,-19.2438,2.1328,,,-10.9864,-26.772,-10.0877,8.1053,7.2659,19.1186,0.0,,2.7118,,,,,8.3743,,,,,,,,,,,,,,,,,,,,,,,,,,,,-245.0,-3.1577,-5.3428,-14.4396333333333,-0.651466666666667,-20.5365333333333,-22.5856,,74.9,902.0
1982:Q1,-3.8927,3.9421,,0.9797,14.5575,3.3782,,,-0.7355,-10.7085,-9.0764,-7.8778,0.5427,5.9607,-2.8767,,-0.4262,,,,,3.6069,,,,,,,,,,,,,,,,,,,,,,,,,,,,-119.333333333333,-1.54156666666667,-2.44046666666667,1.70476666666667,-0.158566666666667,-6.28533333333333,-5.4448,,71.2,931.333333333333
1982:Q2,1.6694,3.0692,,3.9217,4.4356,1.8819,,,-8.5486,3.1207,1.5915,7.527,-6.3439,-16.3694,0.2289,,7.1126,,,,,5.3538,,,,,,,,,,,,,,,,,,,,,,,,,,,,-110.666666666667,-1.4554,-1.72473333333333,-8.21123333333333,0.793566666666667,-5.7949,-4.20166666666667,,70.5666666666667,959.333333333333
1982:Q3,0.7597,1.4317,,2.6599,-4.2683,2.1399,,,-12.9916,4.0501,-10.4449,2.7232,6.7542,19.403,-0.684,,6.2081,,,,,5.4073,,,,,,,,,,,,,,,,,,,,,,,,,,,,-152.666666666667,-2.02096666666667,-2.60696666666667,-11.0213,2.17963333333333,-4.49666666666667,-4.2258,,69.3333333333333,1119.66666666667
1982:Q4,-2.5146,4.9844,,2.5382,20.1311,2.6695,,,-8.9828,24.2098,-26.871,-14.77,11.3053,28.4264,1.1484,,1.7076,,,,,4.3311,,,,,,,,,,,,,,,,,,,,,,,,,,,,-197.333333333333,-2.6279,-6.39353333333333,-11.0519666666667,-4.87596666666667,-5.0806,-6.16473333333333,,67.8333333333333,1257.33333333333
1983:Q1,3.0951,2.2525,,2.4155,4.8476,1.3205,,,2.7628,83.0514,-0.8618,10.8065,-8.9018,-21.1711,0.6883,,9.1111,,,,,5.8354,,,,,,,,,,,,,,,,,,,,,,,,,,,,92.6666666666667,1.30366666666667,5.529,10.1963333333333,5.1261,9.55396666666667,11.8178,,68.5666666666667,1694.33333333333
1983:Q2,8.6706,10.0031,,5.9851,32.4088,6.7758,,,4.8384,60.3372,-8.73,27.0327,-0.9525,-0.674,-1.1412,,13.5263,,,,,4.4683,,,,,,,,,,,,,,,,,,,,,,,,,,,,325.333333333333,4.46926666666667,11.3573333333333,21.1951666666667,7.53196666666667,18.8083333333333,19.7474333333333,74.5,72.5,1676.0
1983:Q3,7.909,3.4476,,5.2234,5.4764,1.426,,,14.7387,36.9324,11.3172,25.3503,5.5911,6.9782,4.9013,,11.6373,,,,,3.455,,,,,,,,,,,,,,,,,,,,,,,,,,,,269.666666666667,3.875,7.55603333333333,15.4074333333333,3.6191,18.1323,18.6904666666667,76.8666666666667,76.9666666666667,1776.0
1983:Q4,4.4765,6.5321,,5.6157,15.2404,4.4033,,,22.3557,-4.8392,2.2938,33.9705,-2.6826,-6.5605,0.0,,8.5663,,,,,3.9146,,,,,,,,,,,,,,,,,,,,,,,,,,,,307.0,4.12526666666667,4.5571,6.90123333333333,3.9839,8.6015,8.5663,79.0666666666667,79.2333333333333,1677.0
1984:Q1,8.3377,5.779,,5.8769,17.2366,2.0804,,,12.0173,31.0269,9.7241,41.9039,-0.8185,-6.6977,3.2218,,12.7945,,,,,4.1138,,,,,,,,,,,,,,,,,,,,,,,,,,,,272.0,3.6202,3.78243333333333,8.1233,2.88116666666667,11.5515,13.5059,80.5,80.6666666666667,1916.66666666667
1984:Q2,7.4763,6.9151,,9.5186,9.288,3.861,,,20.6786,9.5661,11.2086,15.4428,19.051,47.7432,3.1961,,10.8995,,,,,3.1851,,,,,,,,,,,,,,,,,,,,,,,,,,,,313.333333333333,4.1174,8.1966,13.7242,6.40586666666667,9.68396666666667,9.69036666666667,81.7666666666667,82.0,1881.66666666667
1984:Q3,2.6622,0.1504,,-0.5033,-3.5356,2.1443,,,7.913,2.6577,16.0929,49.779,8.6062,14.3497,5.0104,,6.3465,,,,,3.5887,,,,,,,,,,,,,,,,,,,,,,,,,,,,200.0,2.5803,3.63346666666667,2.8834,3.81286666666667,2.49373333333333,2.2794,82.3333333333333,82.5,1658.0
1984:Q4,3.9222,3.9217,,2.0382,12.0332,2.5364,,,11.1285,-1.9818,-3.2169,-26.6453,6.5585,13.7797,1.7787,,6.4175,,,,,2.4011,,,,,,,,,,,,,,,,,,,,,,,,,,,,351.0,4.52406666666667,4.38536666666667,5.47696666666667,3.42043333333333,4.24826666666667,4.67156666666667,81.7333333333333,82.0666666666667,1543.33333333333
1985:Q1,1.3543,4.7311,,4.217,6.954,4.4129,,,3.4104,-0.674,-8.1669,26.1587,0.1289,-0.9227,0.8874,,6.6737,,,,,5.2483,,,,,,,,,,,,,,,,,,,,,,,,,,,,282.666666666667,3.60376666666667,1.5453,-1.71143333333333,4.03073333333333,1.07786666666667,0.7968,81.1333333333333,81.3,1788.66666666667
1985:Q2,1.7426,5.2419,,5.9486,7.9258,3.7048,,,13.6011,14.0149,-12.4548,1.4018,3.9185,2.4882,4.954,,4.5798,,,,,2.7887,,,,,,,,,,,,,,,,,,,,,,,,,,,,214.0,2.68966666666667,2.0996,-1.9897,3.93403333333333,-0.7837,-0.5468,80.5333333333333,80.4,1760.33333333333
1985:Q3,3.2704,4.84,,0.6963,20.5671,2.7004,,,-4.6379,10.9305,0.5814,0.7003,16.2128,33.4416,4.8718,,6.7023,,,,,3.3233,,,,,,,,,,,,,,,,,,,,,,,,,,,,219.666666666667,2.7357,3.94103333333333,3.73116666666667,4.0594,1.6373,2.93626666666667,80.5,80.2,1662.0
1985:Q4,2.353,-0.1544,,1.5148,-15.6822,3.9486,,,10.2518,8.582,8.0392,13.0143,7.0352,16.1131,-0.1004,,5.9227,,,,,3.4876,,,,,,,,,,,,,,,,,,,,,,,,,,,,305.333333333333,3.79333333333333,3.88333333333333,5.1055,3.23736666666667,4.63536666666667,5.19466666666667,80.2666666666667,80.1333333333333,1715.66666666667
1986:Q1,3.2014,4.2544,,7.7344,-1.4914,3.4338,,,-13.5569,9.6773,11.8516,-3.6295,-15.1033,-32.1905,2.4433,,5.7773,,,,,2.496,,,,,,,,,,,,,,,,,,,,,,,,,,,,328.0,4.0573,3.2382,-2.62176666666667,7.06853333333333,-3.01433333333333,-2.90696666666667,80.0666666666667,79.9333333333333,2007.33333333333
1986:Q2,1.0766,5.909,,7.1073,14.7664,2.5266,,,-2.5956,15.4191,2.9575,20.1028,6.9589,5.998,7.724,,3.2294,,,,,2.1299,,,,,,,,,,,,,,,,,,,,,,,,,,,,88.6666666666667,1.08233333333333,-0.335666666666667,-3.41873333333333,0.0193,-3.70006666666667,-2.30396666666667,78.7333333333333,78.9333333333333,1914.0
1986:Q3,2.4141,7.1602,,0.8232,38.3664,3.4509,,,0.263,7.2466,15.3785,19.9537,3.6047,0.4874,6.1369,,5.7428,,,,,3.2503,,,,,,,,,,,,,,,,,,,,,,,,,,,,232.666666666667,2.83736666666667,3.48166666666667,3.8681,3.49256666666667,0.972266666666667,2.52136666666667,78.8,79.3,1773.33333333333
1986:Q4,1.7474,-0.473,,0.366,-10.1131,2.2542,,,-2.9595,4.3282,16.0818,4.7987,13.2445,30.2479,1.053,,2.6385,,,,,0.8757,,,,,,,,,,,,,,,,,,,,,,,,,,,,272.0,3.28806666666667,1.806,2.51816666666667,1.73356666666667,4.26193333333333,5.75206666666667,79.3,79.8666666666667,1682.66666666667
1987:Q1,4.2991,-0.4408,,1.1937,-17.5349,4.337,,,-12.7918,-7.2077,-1.6486,-11.0501,-6.2932,-17.432,3.76,,7.7781,,,,,3.3356,,,,,,,,,,,,,,,,,,,,,,,,,,,,316.333333333333,3.81323333333333,5.78286666666667,5.5836,5.2809,1.9918,3.8263,79.5666666666667,80.0666666666667,1810.33333333333
1987:Q2,2.5909,2.084,,-4.2774,11.4191,4.0032,,,7.9247,-0.403,13.6161,4.1919,1.3762,-1.2165,3.3729,,6.6566,,,,,3.9629,,,,,,,,,,,,,,,,,,,,,,,,,,,,185.0,2.2071,1.0498,1.38413333333333,1.84693333333333,1.0234,0.406866666666667,79.4,79.9333333333333,1636.33333333333
1987:Q3,3.8377,4.8288,,-0.2728,19.9129,4.0837,,,23.6847,-0.2031,16.4657,16.5031,4.6708,7.0333,2.9814,,6.1574,,,,,2.234,,,,,,,,,,,,,,,,,,,,,,,,,,,,197.333333333333,2.35033333333333,-0.0953000000000002,-5.6609,2.26433333333333,5.1064,4.94673333333333,80.9,81.2666666666667,1620.66666666667
1987:Q4,4.1508,-3.7698,,-4.5342,-20.3506,2.7746,,,-3.5733,5.915,16.1809,6.3298,12.6353,23.4689,4.7683,,6.7052,,,,,2.4526,,,,,,,,,,,,,,,,,,,,,,,,,,,,383.0,4.57426666666667,4.942,18.788,0.386466666666667,4.68166666666667,5.76056666666667,81.7,81.9666666666667,1508.0
1988:Q1,2.266,3.8227,,-0.1828,12.7386,3.9427,,,20.9748,-9.3957,10.1559,5.1888,-10.0429,-23.2961,1.4582,,4.7262,,,,,2.4058,,,,,,,,,,,,,,,,,,,,,,,,,,,,300.0,3.53896666666667,3.5564,1.34496666666667,4.77903333333333,1.80493333333333,2.62393333333333,82.3,82.4666666666667,1471.33333333333
1988:Q2,3.0887,2.2692,,-2.0012,7.1657,3.8785,,,14.0336,2.7724,7.9606,-6.1701,0.4128,-3.0159,2.8833,,7.161,,,,,3.9504,,,,,,,,,,,,,,,,,,,,,,,,,,,,243.0,2.80976666666667,5.56186666666667,4.65126666666667,5.76193333333333,5.77893333333333,5.56566666666667,82.9,83.1,1466.33333333333
1988:Q3,2.2367,3.5038,,3.6754,0.3902,4.3685,,,4.5641,1.2718,8.3817,8.6831,-1.3708,-6.4713,2.4999,,6.4265,,,,,4.0981,,,,,,,,,,,,,,,,,,,,,,,,,,,,252.333333333333,2.88836666666667,1.87673333333333,-0.279866666666667,2.40723333333333,4.24833333333333,4.9253,83.6,83.7666666666667,1459.33333333333
1988:Q4,1.99,2.8097,,1.8704,2.0625,3.7126,,,-3.6657,12.6696,2.8311,7.0209,9.3063,16.9802,4.1204,,6.7567,,,,,4.6737,,,,,,,,,,,,,,,,,,,,,,,,,,,,355.0,4.05826666666667,2.97506666666667,2.619,2.45273333333333,4.39786666666667,5.36803333333333,84.1333333333333,84.4,1547.0
1989:Q1,5.5464,1.3163,,1.9538,-3.2255,2.3863,,,9.6075,-3.6123,10.5856,2.315,1.1108,-2.7141,3.9708,,9.7029,,,,,3.9381,,,,,,,,,,,,,,,,,,,,,,,,,,,,292.333333333333,3.3045,3.4143,2.88686666666667,4.0007,1.45063333333333,1.97936666666667,84.2333333333333,84.6,1529.33333333333
1989:Q2,1.676,1.095,,-3.9616,4.3625,3.6614,,,7.5501,-13.5647,11.2591,8.657,4.0104,7.0964,1.8219,,6.5545,,,,,4.7981,,,,,,,,,,,,,,,,,,,,,,,,,,,,132.666666666667,1.4804,1.7324,-1.9964,3.39793333333333,0.910033333333333,1.4035,83.7333333333333,83.9333333333333,1357.33333333333
1989:Q3,2.501,5.7734,,3.9712,14.991,4.1573,,,5.2631,-4.7722,0.0,15.1315,-2.2515,-8.6671,2.771,,5.6126,,,,,3.0356,,,,,,,,,,,,,,,,,,,,,,,,,,,,162.666666666667,1.81093333333333,3.1727,1.36696666666667,3.8961,1.7232,0.303366666666667,83.6666666666667,83.8666666666667,1348.66666666667
1989:Q4,0.5006,-0.1189,,-1.4258,-12.8909,5.3248,,,-2.9783,2.6228,4.8751,7.4593,1.2977,-2.9423,4.3312,,4.3096,,,,,3.79,,,,,,,,,,,,,,,,,,,,,,,,,,,,195.0,2.16493333333333,0.0784999999999999,-5.22523333333333,1.5323,-0.699433333333333,-1.7214,82.9333333333333,82.8666666666667,1338.66666666667
1990:Q1,2.0958,2.4576,,-3.8093,16.973,2.5382,,,7.5667,8.506,0.9264,-2.7848,2.8432,2.2998,3.3108,,7.7826,,,,,5.5701,,,,,,,,,,,,,,,,,,,,,,,,,,,,224.333333333333,2.49196666666667,5.46213333333333,4.84163333333333,5.69266666666667,0.802133333333333,0.647133333333333,82.5,82.3333333333333,1474.33333333333
1990:Q2,1.2198,-0.3134,,-4.3822,-8.7469,5.5491,,,-6.1491,-13.4908,-3.7048,3.1719,6.2304,15.2125,0.1685,,5.792,,,,,4.5171,,,,,,,,,,,,,,,,,,,,,,,,,,,,89.3333333333333,0.9764,0.627733333333333,-0.975033333333334,1.45373333333333,3.10073333333333,2.83433333333333,83.3666666666667,82.7,1209.66666666667
1990:Q3,1.7929,3.6168,,1.6786,3.033,5.1379,,,7.4373,-15.4287,1.2313,6.0291,1.274,-0.3465,2.4682,,5.328,,,,,3.4729,,,,,,,,,,,,,,,,,,,,,,,,,,,,-131.666666666667,-1.41436666666667,1.9918,-4.43296666666667,4.30943333333333,0.3833,0.0117000000000001,83.3666666666667,82.6,1136.66666666667
1990:Q4,-2.1314,-3.0786,,-5.8054,-8.6453,0.6828,,,-4.6165,-15.433,7.766,-6.3426,4.8506,6.0276,4.0025,,0.3123,,,,,2.4969,,,,,,,,,,,,,,,,,,,,,,,,,,,,-137.0,-1.47443333333333,-2.17723333333333,-7.33273333333333,0.417633333333333,-11.9428666666667,-12.8890333333333,81.3,80.3333333333333,1052.33333333333
1991:Q1,-2.8109,-1.4137,,-2.8974,-10.7942,2.6199,,,-14.3984,-26.5042,-0.4319,-6.9455,-2.287,-3.4971,-1.4022,,2.557,,,,,5.5232,,,,,,,,,,,,,,,,,,,,,,,,,,,,-207.333333333333,-2.24276666666667,-7.89926666666667,-16.6000666666667,-4.68543333333333,-6.5291,-6.51553333333333,79.2333333333333,78.0666666666667,913.333333333333
1991:Q2,0.4177,3.5759,,0.9846,5.1602,4.8067,,,-2.3146,3.7404,3.692,21.2259,2.0895,5.0129,0.0,,4.597,,,,,4.1619,,,,,,,,,,,,,,,,,,,,,,,,,,,,-38.3333333333333,-0.4166,4.5997,4.02006666666667,4.7342,5.06693333333333,4.6536,78.7666666666667,77.5,993.0
1991:Q3,2.3709,3.7525,,2.9131,9.2748,2.7292,,,6.5754,20.5813,0.1222,12.8602,-6.552,-14.2954,-0.3335,,4.2276,,,,,1.8137,,,,,,,,,,,,,,,,,,,,,,,,,,,,2.33333333333333,0.0265333333333333,-0.382066666666666,0.0536666666666668,-0.934266666666667,3.03673333333333,5.32726666666667,79.8,78.6,1056.0
1991:Q4,0.2965,-1.096,,-4.9158,-5.7982,2.2998,,,-2.4093,10.595,15.4191,-1.9977,-5.9311,-14.0669,0.0725,,1.9336,,,,,1.6323,,,,,,,,,,,,,,,,,,,,,,,,,,,,-70.3333333333333,-0.7627,-1.85213333333333,-3.0537,-1.6246,-2.18226666666667,-1.7681,79.2333333333333,78.2333333333333,1088.33333333333
1992:Q1,1.9784,5.3246,,4.6353,18.3145,2.9278,,,-1.4947,15.8312,1.0074,-1.5104,2.8459,2.2853,3.2226,,4.9394,,,,,2.9036,,,,,,,,,,,,,,,,,,,,,,,,,,,,30.6666666666667,0.3453,2.36923333333333,-1.9598,3.72183333333333,0.266433333333333,-0.4298,78.1,77.1333333333333,1278.66666666667
1992:Q2,1.386,-0.3279,,-1.591,-2.7471,1.0443,,,13.4581,8.6738,-3.7659,6.3489,0.2564,0.3201,0.1425,,3.7079,,,,,2.2902,,,,,,,,,,,,,,,,,,,,,,,,,,,,25.6666666666667,0.288666666666667,-2.3901,-0.2402,-2.5598,3.54083333333333,3.86943333333333,78.7333333333333,77.8,1170.66666666667
1992:Q3,2.6504,3.3997,,1.6939,8.6386,3.1475,,,0.3112,0.4191,1.8588,6.8894,1.9842,4.3626,0.4281,,4.4714,,,,,1.774,,,,,,,,,,,,,,,,,,,,,,,,,,,,19.3333333333333,0.223766666666667,-0.564233333333333,-5.9775,1.71526666666667,-1.71306666666667,-3.21726666666667,78.6,77.4333333333333,1204.0
1992:Q4,3.7903,4.311,,5.1537,12.8553,1.8744,,,9.6626,29.0652,3.7323,4.6609,-1.7278,-3.3304,-0.6373,,5.6978,,,,,1.8379,,,,,,,,,,,,,,,,,,,,,,,,,,,,65.3333333333333,0.725233333333333,2.29686666666667,1.5853,3.36003333333333,4.0972,5.5756,78.9,77.9,1257.66666666667
1993:Q1,1.7993,1.1958,,-2.7759,0.7061,3.6655,,,5.6146,0.1979,-7.0791,-3.1628,-6.3746,-15.3481,-0.0712,,5.1613,,,,,3.3026,,,,,,,,,,,,,,,,,,,,,,,,,,,,149.666666666667,1.67856666666667,1.45783333333333,1.5466,1.9648,3.6977,4.03216666666667,79.7666666666667,78.9,1178.0
1993:Q2,1.5773,3.8078,,2.432,14.1935,2.1568,,,13.3313,-9.4942,6.7369,5.6786,0.2177,-2.9911,2.2946,,4.0364,,,,,2.4209,,,,,,,,,,,,,,,,,,,,,,,,,,,,113.666666666667,1.25536666666667,3.99366666666667,0.719033333333333,5.53673333333333,0.380933333333333,0.791633333333333,81.4,80.6,1237.0
1993:Q3,2.8444,4.1653,,3.4412,7.4703,3.7395,,,6.305,10.0578,-1.1414,1.8681,-1.1427,-6.0884,2.0793,,4.4141,,,,,1.5263,,,,,,,,,,,,,,,,,,,,,,,,,,,,93.0,1.02236666666667,0.9222,0.0973999999999999,1.6234,2.57226666666667,3.2881,81.6333333333333,80.6666666666667,1295.33333333333
1993:Q4,5.8701,4.0134,,2.6238,14.3405,2.227,,,20.9756,31.6651,14.665,18.8358,-0.6779,-4.3381,1.6427,,7.3818,,,,,1.4279,,,,,,,,,,,,,,,,,,,,,,,,,,,,189.333333333333,2.07266666666667,4.64653333333333,6.95436666666667,3.71873333333333,9.67323333333333,11.1358,82.9666666666667,82.2,1456.0
1994:Q1,2.5813,3.8057,,2.3842,9.7314,3.0731,,,5.4791,9.0977,-9.3319,2.7533,-6.1803,-12.0238,-2.6057,,5.1785,,,,,2.5318,,,,,,,,,,,,,,,,,,,,,,,,,,,,245.0,2.69023333333333,6.74413333333333,8.45846666666667,5.74273333333333,5.73453333333333,5.69446666666667,83.3666666666667,82.5,1358.66666666667
1994:Q2,3.7075,1.2237,,0.6938,0.8461,1.6295,,,9.9869,6.9602,11.0851,15.1045,-0.5208,-4.8267,2.021,,6.7918,,,,,2.9741,,,,,,,,,,,,,,,,,,,,,,,,,,,,279.0,3.0195,3.33843333333333,1.90336666666667,4.1917,3.50986666666667,3.11536666666667,83.6666666666667,82.8666666666667,1438.66666666667
1994:Q3,3.4382,2.9668,,2.1175,7.8828,2.1293,,,7.0494,-7.1562,9.8487,12.1073,5.8828,9.7808,3.7607,,5.2421,,,,,1.7439,,,,,,,,,,,,,,,,,,,,,,,,,,,,225.666666666667,2.41106666666667,3.8768,1.87416666666667,3.96623333333333,3.8639,5.96076666666667,84.4,83.8666666666667,1460.66666666667
1994:Q4,4.5319,4.5848,,2.7951,18.3649,2.055,,,17.6489,-2.5811,14.2027,15.9898,-4.6795,-15.6408,2.2619,,5.984,,,,,1.3891,,,,,,,,,,,,,,,,,,,,,,,,,,,,266.666666666667,2.834,3.6941,6.84883333333333,3.38816666666667,8.71073333333333,11.7773,85.0,84.7,1496.0
1995:Q1,2.8193,1.3736,,1.4698,-4.6742,3.1079,,,19.2718,-6.5703,-0.5719,5.8898,-1.5524,-4.6386,0.2029,,5.0635,,,,,2.1827,,,,,,,,,,,,,,,,,,,,,,,,,,,,218.333333333333,2.29796666666667,1.9427,0.171666666666666,3.39753333333333,2.4216,2.64086666666667,85.3666666666667,84.9,1303.66666666667
1995:Q2,0.5275,2.504,,1.3183,0.3641,3.7971,,,11.784,-14.1674,7.151,9.4362,-0.2605,-3.1408,1.4233,,1.9867,,,,,1.4515,,,,,,,,,,,,,,,,,,,,,,,,,,,,35.0,0.370466666666667,-0.433,-6.6354,1.86593333333333,-2.2524,-3.1496,83.7666666666667,83.0666666666667,1246.0
1995:Q3,4.2048,2.9496,,0.0706,11.7306,2.234,,,8.2577,10.908,10.5975,8.5522,3.075,4.8902,2.0961,,4.8187,,,,,0.5891,,,,,,,,,,,,,,,,,,,,,,,,,,,,141.666666666667,1.47063333333333,2.27636666666667,-0.1889,3.46186666666667,4.6116,4.13173333333333,83.8333333333333,82.7333333333333,1389.33333333333
1995:Q4,,,,,,,,,,,,,,,,,,,,,,,,,,,,,,,,,,,,,,,,,,,,,,,,,,144.333333333333,1.4903,1.0754,-2.15623333333333,1.93836666666667,0.0436,0.0227666666666667,83.1666666666667,82.2666666666667,1337.0
1996:Q1,2.8093,3.4596,,3.1254,7.0241,2.8762,,,12.0942,4.426,2.7281,9.1324,1.8359,6.7309,-0.9533,,5.0123,,,,,2.6057,,,,,1.8458,,,,,,,,,,,,,,,,,,,,,,,214.666666666667,2.28783333333333,8.40746666666667,10.2898333333333,8.3512,1.53956666666667,1.06903333333333,82.4333333333333,81.5,1461.0
1996:Q2,4.2212,3.7424,,2.5305,14.1083,2.2212,,,0.5391,15.0987,5.2059,12.8771,7.066,8.4653,6.3006,,6.1306,,,,,2.2201,,,,,2.2119,,,,,,,,,,,,,,,,,,,,,,,196.333333333333,2.0068,6.40496666666667,3.42733333333333,7.60653333333333,8.72753333333333,10.4176,83.1333333333333,82.0,1477.66666666667
1996:Q3,2.1705,0.4445,,-0.3604,-0.7775,1.1292,,,14.6534,-5.6999,0.5882,8.2651,-1.4008,-3.9125,0.1988,,3.812,,,,,1.8373,,,,,1.8306,,,,,,,,,,,,,,,,,,,,,,,134.333333333333,1.36293333333333,0.7895,-1.689,2.39633333333333,3.54996666666667,3.48043333333333,83.3333333333333,82.2666666666667,1472.66666666667
1996:Q4,4.7172,3.3479,,1.6745,5.4038,3.7788,,,4.1585,-1.2896,25.5103,4.695,0.6914,-1.862,2.1969,,6.1998,,,,,1.8273,,,,,2.5581,,,,,,,,,,,,,,,,,,,,,,,196.666666666667,1.98186666666667,1.86773333333333,3.805,1.65776666666667,5.05903333333333,5.97663333333333,83.2666666666667,82.2,1403.0
1997:Q1,5.611,6.3586,,6.3013,19.9468,3.5579,,,11.9121,5.459,8.1164,21.9051,-0.5642,-3.4961,1.2381,,8.0002,,,,,2.7379,,,,,2.2514,,,,,,,,,,,,,,,,,,,,,,,261.666666666667,2.62903333333333,6.23076666666667,4.53676666666667,6.73633333333333,5.64966666666667,5.64406666666667,83.5666666666667,82.6666666666667,1434.33333333333
1997:Q2,2.1633,0.8161,,-2.0961,-5.7062,3.707,,,15.0753,5.6787,14.323,21.84,3.7975,8.3783,1.3438,,3.6384,,,,,1.4029,,,,,1.9715,,,,,,,,,,,,,,,,,,,,,,,165.666666666667,1.64673333333333,-0.0778333333333334,-3.045,1.2253,3.08093333333333,2.40523333333333,83.5333333333333,82.5333333333333,1440.66666666667
1997:Q3,3.5206,5.7263,,4.7157,16.7285,4.1357,,,18.7265,2.9068,5.5996,13.9601,1.0116,-1.1254,2.1903,,4.9381,,,,,1.3968,,,,,1.0308,,,,,,,,,,,,,,,,,,,,,,,193.333333333333,1.91983333333333,-1.0482,1.07816666666667,-1.66913333333333,6.87783333333333,6.47293333333333,83.8,82.8666666666667,1436.66666666667
1997:Q4,4.2983,3.2077,,-0.3816,2.5853,5.1243,,,-3.6093,10.3774,11.2582,1.3079,1.6117,0.6117,2.128,,5.8964,,,,,1.5353,,,,,1.206,,,,,,,,,,,,,,,,,,,,,,,352.666666666667,3.49253333333333,4.85886666666667,7.36136666666667,4.25106666666667,6.91376666666667,8.48233333333333,83.6333333333333,82.7,1526.0
1998:Q1,4.2417,5.6793,,5.2193,18.376,3.4795,,,17.5499,17.6915,-3.4205,11.5848,-1.9628,-8.2394,1.7714,,5.1934,,,,,0.923,,,,,1.3806,,,,,,,,,,,,,,,,,,,,,,,210.666666666667,2.07103333333333,2.54593333333333,-3.3134,4.9699,0.946733333333333,0.0217333333333333,82.6333333333333,81.6,1586.66666666667
1998:Q2,1.4168,5.7706,,5.8842,9.9831,4.8356,,,11.4494,13.2039,-8.0521,11.8505,3.7299,7.0851,1.9736,,2.2855,,,,,0.8574,,,,,1.4249,,,,,,,,,,,,,,,,,,,,,,,254.333333333333,2.4686,0.978933333333333,-6.8371,3.46716666666667,-0.1639,-0.4927,81.9,80.6666666666667,1561.0
1998:Q3,3.2884,3.8836,,2.2776,0.0,5.4956,,,-0.9545,6.9009,-2.894,3.3856,1.4287,-1.7501,3.1766,,4.1334,,,,,0.8198,,,,,1.0638,2.2556,1.0825,7.2045,,33.3067,2.2785,4.7894,,,,,,,,,,,,,,,,166.666666666667,1.60903333333333,-0.478366666666667,-4.8775,1.3819,4.20073333333333,4.16006666666667,81.1,79.6666666666667,1635.66666666667
1998:Q4,5.5848,4.3934,,3.2141,21.3709,1.6627,,,16.7289,10.0924,18.7647,15.989,4.0934,7.9153,2.0934,,6.4714,,,,,0.8534,,,,,1.2384,3.7625,0.0,4.20646666666667,,30.5170333333333,1.73226666666667,1.0579,,,,,,,,,,,,2.22056666666667,2.54753333333333,1.88733333333333,4.9294,253.666666666667,2.4356,5.1142,8.00946666666667,4.11426666666667,-0.5835,1.54,80.7,79.7,1688.0
1999:Q1,4.4917,6.7124,,9.1951,11.5111,4.5314,,,7.6291,15.6533,-7.7372,11.7222,4.4374,-0.6929,7.2479,,5.967,,,,,1.4225,,,,,1.022,4.8567,0.3592,5.07666666666667,,8.36163333333333,4.7751,5.22243333333333,,,,,,,,,,,,1.46966666666667,0.9148,1.63893333333333,-0.2733,188.666666666667,1.79793333333333,0.6907,-6.11783333333333,3.3993,1.2176,0.883966666666667,80.3,79.4666666666667,1789.66666666667
1999:Q2,2.2875,4.0203,,2.9811,5.5702,4.1908,,,10.8053,5.0961,4.5306,9.7193,-1.1731,-3.1897,-0.1385,,3.8974,,,,,1.5949,,,,,1.584,1.4612,3.6261,3.4336,,8.85516666666667,0.622633333333333,4.12683333333333,,,,,,,,,,,,3.02833333333333,2.30856666666667,2.17946666666667,-0.262266666666667,171.0,1.6212,3.32036666666667,1.77703333333333,4.03743333333333,3.9933,4.7746,80.4666666666667,79.6333333333333,1607.0
1999:Q3,4.8237,4.3152,,3.5852,7.0256,4.122,,,14.8993,-6.2875,12.4266,17.2148,3.3314,3.1055,3.413,,5.8124,,,,,0.9638,,,,,1.2344,3.951,0.7207,3.6686,,12.1937666666667,0.757066666666667,3.55413333333333,,,,,,,,,,,,4.15696666666667,2.5159,7.54486666666667,2.87933333333333,142.0,1.3408,0.0844666666666668,-1.26236666666667,0.161033333333333,2.5402,3.57966666666667,80.6,79.6,1651.66666666667
1999:Q4,5.798,5.2656,,6.1153,11.8415,3.5336,,,2.4858,-1.1679,6.8732,10.6231,8.3731,15.9986,4.4472,,7.9397,,,,,2.046,,,,,2.1615,4.6276,-1.4298,6.14436666666667,,13.6009333333333,7.14923333333333,4.19566666666667,,,,,,,,,,,,2.16313333333333,2.03826666666667,1.52063333333333,1.65623333333333,286.333333333333,2.69093333333333,4.44373333333333,-2.06543333333333,6.1273,5.6876,4.9072,81.0,80.0333333333333,1646.66666666667
2000:Q1,5.3905,8.26,,6.8816,26.5845,5.4214,,,21.2678,6.6345,-0.1854,9.4582,-1.1166,-15.5511,7.4386,,8.2049,,,,,2.6893,,,,,1.8345,1.7338,1.8223,3.6109,,2.41976666666667,1.98583333333333,5.27203333333333,,,,,,,,,,,,5.84603333333333,3.17993333333333,8.41176666666667,1.1295,282.0,2.64336666666667,2.29073333333333,6.38533333333333,1.08786666666667,6.5188,7.1241,81.5666666666667,80.7,1720.0
2000:Q2,5.1895,3.0009,,3.5369,-3.8617,4.2411,,,19.0719,3.934,7.3476,17.0265,6.0358,17.4187,0.5071,,7.7889,,,,,2.5099,,,,,1.7047,6.3139,0.0,3.1255,,-0.726100000000001,2.503,4.40193333333333,,,,,,,,,,,,2.64593333333333,2.01166666666667,1.26326666666667,0.832066666666667,194.0,1.7983,0.964533333333333,-5.66453333333333,3.25006666666667,6.39216666666667,5.83036666666667,82.1,81.3,1603.0
2000:Q3,2.7449,4.5348,,4.8574,7.5107,3.7491,,,6.9121,-9.2176,16.157,13.8588,-3.5632,-10.0485,0.0,,4.8142,,,,,1.9998,,,,,1.5088,3.4127,2.5699,5.7981,,18.8991,3.36893333333333,4.52593333333333,,,,,,,,,,,,2.85503333333333,2.90063333333333,2.79643333333333,2.1939,13.0,0.130066666666667,0.0434,-3.75816666666667,1.5332,3.92723333333333,4.08056666666667,82.2666666666667,81.3333333333333,1524.33333333333
2000:Q4,1.3731,2.8613,,0.7885,-3.3667,5.2706,,,-1.4378,-2.5153,-4.2789,0.5052,2.9208,4.546,2.031,,3.4544,,,,,2.0677,,,,,1.9215,3.0519,4.403,1.02996666666667,,-19.3436,1.36806666666667,5.6176,,,,,,,,,,,,2.08993333333333,1.992,2.0457,0.825933333333333,112.0,1.02473333333333,-2.80453333333333,-9.34023333333333,-0.701333333333333,-3.4367,-6.18233333333333,81.4333333333333,80.3,1556.33333333333
2001:Q1,1.9818,3.1302,,2.6107,11.8792,1.6872,,,1.089,3.2706,-2.1581,-10.4402,3.9578,5.7092,3.0789,,5.2083,,,,,3.155,,,,,2.7102,-0.3326,5.4608,1.90606666666667,,14.0706333333333,-1.55493333333333,1.7708,,,,,,,,,,,,3.99326666666667,3.5356,5.15836666666667,2.02016666666667,105.666666666667,0.974133333333333,1.84146666666667,5.58443333333333,1.25086666666667,-1.50243333333333,-0.711533333333333,79.6666666666667,78.3666666666667,1637.0
2001:Q2,0.7348,2.1459,,0.448,5.9841,2.2489,,,-13.6251,7.3829,-9.9217,-6.6957,5.4984,1.6032,7.5137,,3.0274,,,,,2.2647,,,,,1.1496,2.7349,2.4106,1.97013333333333,,6.00583333333333,0.833466666666667,1.84553333333333,,,,,,,,,,,,3.68363333333333,2.6242,0.0498333333333334,1.89026666666667,-118.666666666667,-1.06813333333333,-1.82306666666667,-10.028,1.1962,-6.6942,-6.98303333333333,77.6333333333333,76.2,1629.66666666667
2001:Q3,-0.3549,1.2126,,0.5759,1.6733,1.418,,,-11.8771,1.8097,-16.6406,-15.1587,1.7614,4.621,0.3753,,1.7799,,,,,2.1411,,,,,0.2952,2.0338,1.7043,-3.19696666666667,,-14.8807666666667,-3.79563333333333,-0.0122333333333334,,,,,,,,,,,,0.7313,2.38326666666667,-0.5899,1.62356666666667,-118.0,-1.06273333333333,-3.1339,-8.11233333333333,-1.16803333333333,-7.50673333333333,-7.72536666666667,76.2333333333333,74.6666666666667,1591.0
2001:Q4,0.2236,5.3493,,0.9171,38.4137,1.6361,,,-12.8304,-6.4602,-12.3811,-3.4003,9.1919,9.5446,9.013,,-0.129,,,,,-0.3274,,,,,2.7901,3.3895,-1.0054,7.09816666666667,,91.318,8.19626666666667,4.2687,,,,,,,,,,,,-1.99156666666667,2.59583333333333,-10.6957,-1.78183333333333,-290.0,-2.60096666666667,-3.0875,-8.97153333333333,-1.13266666666667,-6.02483333333333,-5.7866,74.6333333333333,72.9666666666667,1589.0
2002:Q1,5.8356,3.5445,,8.4514,-8.0451,3.7923,,,-5.7204,15.7463,6.779,15.5203,7.8921,12.3632,5.6277,,6.7101,,,,,0.8039,,,,,0.8438,8.5169,-5.3144,3.93353333333333,,8.66746666666667,1.89256666666667,4.52783333333333,,,,,,,,,,,,2.9689,2.14446666666667,5.75633333333333,0.271766666666667,11.6666666666667,0.1089,-0.765166666666667,-1.44533333333333,-0.404566666666667,3.61423333333333,4.66893333333333,74.8,73.2666666666667,1697.66666666667
2002:Q2,1.0594,1.8799,,-0.5816,2.3986,2.9984,,,-1.6059,4.8836,11.6975,23.4885,1.7793,7.4247,-1.0871,,2.2213,,,,,1.1672,,,,,1.6478,1.6427,2.4811,2.41436666666667,,7.198,0.4521,3.0156,,,,,,,,,,,,2.52093333333333,1.9208,-1.95213333333333,1.07453333333333,40.0,0.367366666666667,0.0294999999999999,-1.97223333333333,0.961233333333333,5.6477,5.44626666666667,75.7,74.1,1653.33333333333
2002:Q3,3.1366,4.248,,1.3184,22.6236,2.2777,,,0.577,-0.7232,2.1571,2.4696,1.8444,2.9229,1.2481,,4.2763,,,,,1.1271,,,,,1.9338,4.2916,0.7011,1.41063333333333,,10.1962,0.764266666666667,1.7063,,,,,,,,,,,,2.4777,2.33936666666667,-0.564366666666667,-1.5653,0.666666666666667,0.00666666666666666,0.4158,-3.75856666666667,1.5548,-0.536566666666667,-1.08496666666667,76.0,74.3333333333333,1700.33333333333
2002:Q4,0.7442,0.9596,,3.8769,-7.3438,1.3192,,,1.5359,6.8877,-1.7331,3.6774,4.6246,10.1871,1.7191,,2.5405,,,,,1.7448,,,,,1.5234,-0.6395,4.9901,6.17776666666667,,43.0595333333333,5.5003,1.5109,,,,,,,,,,,,1.78816666666667,1.4735,2.92293333333333,-0.4376,-48.6666666666667,-0.4448,-2.65286666666667,-4.93236666666667,-1.6355,-3.3541,-3.3673,75.4,73.6333333333333,1711.66666666667
2003:Q1,1.598,1.3688,,4.145,-1.1429,0.5189,,,-4.1848,12.0252,-3.2012,-7.9105,0.879,2.6228,-0.0724,,4.1777,,,,,2.5407,,,,,0.9013,2.2607,1.7613,-2.40426666666667,,-15.9714333333333,-0.845466666666667,1.2482,,,,,,,,,,,,5.1758,0.837233333333333,17.4403,4.88493333333333,-91.0,-0.818466666666667,-1.05746666666667,-1.17536666666667,-0.851733333333334,1.2774,1.15496666666667,75.3666666666667,73.3333333333333,1750.66666666667
2003:Q2,2.37,3.3451,,0.0607,22.5809,1.5269,,,6.8585,6.0513,-3.1379,9.2023,7.5036,25.0843,-1.4765,,3.3687,,,,,0.9686,,,,,1.1525,6.1101,-1.7398,1.82133333333333,,9.1961,0.0692000000000002,1.43193333333333,,,,,,,,,,,,-0.6213,1.05393333333333,-6.0296,-3.50783333333333,-31.6666666666667,-0.291366666666667,-2.85996666666667,-4.122,-1.90123333333333,-0.6648,0.154066666666667,74.3333333333333,72.6333333333333,1721.66666666667
2003:Q3,7.1546,6.5838,,7.899,26.8817,2.2178,,,11.1324,20.4306,9.3291,0.0749,1.2925,1.3209,1.274,,9.0173,,,,,1.7587,,,,,1.8365,7.6218,-4.5269,2.17966666666667,,10.3697333333333,2.1512333333333302,1.96416666666667,,,,,,,,,,,,3.08853333333333,1.46173333333333,3.41846666666667,1.34503333333333,-26.6666666666667,-0.2445,-1.99006666666667,-1.4877,0.0,3.71943333333333,3.02753333333333,74.6,72.8666666666667,1860.0
2003:Q4,4.0238,2.5885,,4.4388,0.8633,2.0739,,,6.9121,10.5335,19.1122,11.2875,0.8188,0.6174,0.9386,,5.1118,,,,,1.0964,,,,,0.7223,1.8461,-0.7067,3.26283333333333,,8.70933333333333,2.9324,2.6704,,,,,,,,,,,,0.0224666666666667,1.0447,3.22853333333333,1.40086666666667,61.3333333333333,0.568433333333333,0.138066666666667,-1.62683333333333,-0.2865,5.20336666666667,5.14036666666667,75.5,74.1,2039.33333333333
2004:Q1,4.1576,3.76,,6.4586,-4.6604,4.2572,,,7.1627,2.0667,3.1763,1.9918,2.0249,10.0881,-2.5835,,6.7643,,,,,2.4806,,,,,2.0101,4.6271,0.7073,0.864066666666667,,-11.2911333333333,2.06723333333333,3.484,,,,,,,,,,,,5.077,2.9221,,,147.0,1.36906666666667,2.61276666666667,1.34023333333333,1.28386666666667,5.2251,5.47713333333333,76.4333333333333,75.0,1921.66666666667
2004:Q2,3.0442,1.0381,,-0.0549,-2.5052,2.3126,,,8.8379,15.418,13.2059,9.3281,2.2924,2.719,2.0775,,6.3046,,,,,3.1947,,,,,1.8452,1.8126,2.0797,-0.744033333333334,,-6.43386666666667,-2.87066666666667,2.6679,,,,,,,,,,,,4.80906666666667,2.27273333333333,5.1752,2.93306666666667,216.0,2.0012,0.133366666666667,1.1152,3.01663333333333,6.6618,6.49166666666667,77.3,76.0333333333333,1912.66666666667
2004:Q3,3.7113,4.6481,,3.9512,16.8235,2.6557,,,11.6716,3.0869,5.1187,7.6928,1.3632,4.5312,-0.4551,,5.1046,,,,,1.267,,,,,0.6852,2.4059,1.7338,5.7166,,25.8380666666667,5.12293333333333,2.94226666666667,,,,,,,,,,,,0.6405,1.85256666666667,0.2727,1.07613333333333,90.6666666666667,0.832166666666667,2.42913333333333,2.60486666666667,3.21816666666667,2.4464,3.54716666666667,77.2,76.4666666666667,1958.66666666667
2004:Q4,3.1473,4.6487,,5.8158,6.7081,3.6705,,,10.3355,0.283,-3.868,9.0661,0.947,1.6061,0.5571,,5.2497,,,,,2.0047,,,,,1.6134,2.3915,1.7234,5.2347,,13.3940333333333,5.30153333333333,4.56166666666667,,,,,,,,,,,,3.0457,2.04113333333333,7.0343,2.63983333333333,202.0,1.8578,2.0482,0.419366666666667,1.99596666666667,7.47346666666667,6.97203333333333,78.1666666666667,77.1,1934.0
2005:Q1,3.0876,3.5151,,4.879,0.0,3.5644,,,4.6429,5.7272,7.0197,14.7165,0.5539,0.55,0.5562,,6.4148,,,,,3.2601,,,,,2.2459,2.0748,2.053,0.7815,,-0.578500000000001,0.400566666666667,2.72456666666667,,,,,,,,,,,,4.29106666666667,3.26623333333333,5.68883333333333,3.7635,172.666666666667,1.57556666666667,0.801033333333333,-0.606133333333334,1.19433333333333,2.75276666666667,3.785,79.2666666666667,78.1666666666667,2063.66666666667
2005:Q2,3.414,3.3062,,3.2703,8.3015,2.3334,,,9.01,9.7907,12.5663,-1.9952,1.9822,1.3183,2.4089,,5.9451,,,,,2.4081,,,,,1.7645,1.1878,1.319,4.162,,11.9463,4.37863333333333,3.15503333333333,,,,,,,,,,,,1.92496666666667,1.20603333333333,-0.0780333333333336,1.04426666666667,166.0,1.50866666666667,4.89243333333333,4.5706,2.044,4.61543333333333,4.4296,79.5333333333333,78.1666666666667,2017.0
2005:Q3,3.8045,3.8976,,2.5972,10.7593,3.1977,,,6.2067,4.7546,0.7382,-0.0442,3.2236,7.7125,0.6427,,7.0153,,,,,3.1204,,,,,1.3489,4.8076,-0.6531,-2.5514,,-2.92156666666667,-4.0688,2.59753333333333,,,,,,,,,,,,9.46803333333333,1.40283333333333,15.0588,2.60593333333333,113.666666666667,1.02953333333333,0.411666666666667,-0.793233333333333,-0.740533333333333,-4.2988,-0.218233333333333,79.3666666666667,78.2,2053.0
2005:Q4,1.1187,1.1328,,5.1085,-17.5228,3.236,,,2.7869,3.4537,2.3823,9.0608,-2.3611,-6.9619,0.4172,,4.1763,,,,,3.0185,,,,,2.1626,-0.1864,3.3688,7.1308,,31.54,9.61563333333333,2.95346666666667,,,,,,,,,,,,-1.53273333333333,2.8101,3.9287,0.0232666666666667,126.333333333333,1.1376,-1.14923333333333,5.48756666666667,-0.758966666666667,9.68023333333333,8.2068,80.1333333333333,79.3333333333333,2023.33333333333
2006:Q1,4.8178,5.4897,,5.4369,20.5656,2.8315,,,14.3196,2.6306,12.0749,12.998,3.8867,10.8361,0.0,,8.2259,,,,,3.2593,,,,,2.0465,3.4437,2.2609,2.7547,,1.66966666666667,2.01503333333333,3.91336666666667,,,,,,,,,,,,4.3629,2.7952,-1.99693333333333,3.0986,215.666666666667,1.94046666666667,1.17263333333333,5.45313333333333,1.16243333333333,4.15056666666667,5.15763333333333,81.1333333333333,80.4333333333333,2118.66666666667
2006:Q2,2.4577,2.4816,,1.6492,-0.4696,3.489,,,2.7277,-6.3121,3.2856,0.168,0.585,-3.3918,2.9631,,5.8272,,,,,3.3037,,,,,2.8815,1.0928,4.006,1.6294,,1.18906666666667,1.694,1.71326666666667,,,,,,,,,,,,5.12036666666667,3.57283333333333,6.7765,2.2956,111.333333333333,0.994266666666667,2.77383333333333,2.33416666666667,2.75173333333333,6.3752,5.91273333333333,82.0,80.8,1885.33333333333
2006:Q3,1.5829,3.0739,,1.6089,8.3838,2.8072,,,8.6164,-17.3867,6.5175,7.7881,1.9425,1.7491,2.0565,,3.407,,,,,1.8277,,,,,2.3218,0.0664,3.9554,3.40616666666667,,11.3607333333333,2.27103333333333,2.72753333333333,,,,,,,,,,,,0.9099,2.74663333333333,-4.0873,-0.123433333333333,97.3333333333333,0.866766666666667,-0.748566666666667,-2.91343333333333,0.785233333333333,-1.632,-1.00653333333333,82.2333333333333,80.9333333333333,1744.0
2006:Q4,3.4734,4.4108,,6.918,5.987,2.9041,,,-0.4191,-19.1999,9.9708,-3.2402,3.7117,4.5135,3.2768,,5.0343,,,,,1.5443,,,,,2.0885,2.4115,1.7409,5.24883333333333,,12.53,9.72796666666667,1.85786666666667,,,,,,,,,,,,0.3274,1.35953333333333,6.78796666666667,2.84706666666667,130.333333333333,1.15706666666667,2.30466666666667,3.35723333333333,4.21923333333333,3.2514,2.95686666666667,81.9333333333333,80.4666666666667,1572.0
2007:Q1,1.2601,3.8464,,2.905,7.2607,3.6626,,,1.9787,-17.0232,-1.2446,2.2829,0.9358,-3.0167,3.2549,,5.2851,,,,,3.9677,,,,,2.2449,1.2569,0.6663,1.3617,,2.8677,-1.68116666666667,2.63536666666667,,,,,,,,,,,,4.73173333333333,2.26,7.3842,2.28616666666667,129.333333333333,1.1365,0.840166666666667,-1.42406666666667,3.01993333333333,0.9738,1.6611,81.5333333333333,79.9333333333333,1483.66666666667
2007:Q2,3.3822,1.2571,,-0.8021,1.6451,2.1946,,,8.0718,-9.2223,6.4082,-2.6377,4.2574,6.7009,2.8688,,6.1586,,,,,2.6946,,,,,1.4249,2.6262,2.5785,1.1323,,-3.30763333333333,-0.654233333333333,3.0597,,,,,,,,,,,,5.2729,2.26193333333333,5.90783333333333,2.01556666666667,125.666666666667,1.10066666666667,2.3695,1.71973333333333,3.08153333333333,5.15763333333333,4.6639,81.5333333333333,80.1333333333333,1489.66666666667
2007:Q3,3.8959,2.9926,,2.7119,4.4353,2.8561,,,7.9207,-20.1209,16.1791,5.2184,3.7237,6.8259,2.0094,,4.6667,,,,,0.7686,,,,,1.8032,5.2838,-0.2225,4.25033333333333,,16.9244,2.5436,3.05993333333333,,,,,,,,,,,,1.0019,2.45246666666667,2.2883,1.49436666666667,66.0,0.575866666666667,0.00413333333333332,-3.42026666666667,1.85096666666667,2.49626666666667,1.83813333333333,82.0666666666667,80.6,1301.0
2007:Q4,0.6362,1.9656,,1.8823,4.1869,1.6046,,,7.5272,-23.9151,3.8855,0.3246,2.6017,0.262,3.9644,,3.1957,,,,,2.561,,,,,2.7271,0.6188,2.2021,2.06843333333333,,-0.9385,0.8953,3.2226,,,,,,,,,,,,5.66583333333333,2.73873333333333,15.1394333333333,2.25336666666667,92.6666666666667,0.808233333333333,0.745566666666667,-3.81216666666667,0.369133333333333,-0.963133333333333,0.0969666666666666,81.5333333333333,79.9,1140.66666666667
2008:Q1,0.5974,0.9616,,-1.3079,-6.074,3.414,,,-2.5328,-26.6307,5.4918,2.5452,1.9918,4.6272,0.5644,,3.1922,,,,,2.603,,,,,2.1523,1.8968,2.2481,0.6401,,-5.98293333333333,-0.550166666666667,2.5218,,,,,,,,,,,,3.11806666666667,2.0383,10.2402333333333,5.0047,-53.3333333333333,-0.462533333333333,-0.713566666666667,-4.58786666666667,-0.3258,-0.598566666666667,-0.3201,80.9666666666667,79.1666666666667,1008.0
2008:Q2,1.8886,1.5189,,4.0296,-2.9735,1.1185,,,2.3248,-15.6,9.2333,-6.6355,3.417,6.6848,1.5883,,3.0215,,,,,1.0567,,,,,2.0752,2.2712,1.5225,0.6144,,-6.20516666666667,-0.834666666666667,2.6596,,,,,,,,,,,,8.00926666666667,2.55116666666667,14.4902,3.68723333333333,-43.6666666666667,-0.379633333333333,-2.19976666666667,-7.2776,0.004,-1.61683333333333,-2.33053333333333,79.6666666666667,77.5333333333333,1024.33333333333
2008:Q3,-0.2522,-3.1323,,-6.4476,-14.1013,0.6041,,,-0.9742,-19.1231,5.9008,-1.8766,5.8353,13.8089,1.4199,,3.8229,,,,,4.1702,,,,,2.8734,1.2587,3.3647,-3.22803333333333,,-8.67123333333333,-7.46103333333333,0.365633333333333,,,,,,,,,,,,2.75513333333333,2.68496666666667,0.159,5.40686666666667,-98.0,-0.851,-3.66243333333333,-6.1954,-0.6651,-13.2981,-11.0368,78.3333333333333,76.2666666666667,892.333333333333
2008:Q4,-3.8037,-3.5213,,-7.1237,-22.3729,1.7347,,,-19.0809,-23.5818,-19.7537,-15.7189,1.8517,5.7953,-0.4684,,-4.05,,,,,-0.0682,,,,,0.5527,3.1151,1.5244,-1.51613333333333,,-12.7738,-2.56283333333333,1.56206666666667,,,,,,,,,,,,-12.6252666666667,-0.256833333333333,-24.2262333333333,2.8845,-432.333333333333,-3.72873333333333,-9.01233333333333,-18.1468666666667,-5.02153333333333,-3.97293333333333,-11.2495333333333,75.1333333333333,72.1,655.333333333333
2009:Q1,-6.1437,2.1566,,1.3176,9.4459,1.4541,,,-37.8818,-38.0398,-29.9546,-34.0624,-3.9317,-4.0133,-3.9029,,-3.4693,,,,,2.8987,,,,,1.5237,1.1268,2.9096,-0.0328666666666665,,-7.57856666666667,0.350266666666667,1.11343333333333,,,,,,,,,,,,2.20503333333333,2.15666666666667,-0.4572,2.62963333333333,-637.333333333333,-5.54413333333333,-8.96103333333333,-22.8944666666667,-4.77036666666667,-17.3777,-18.3288666666667,70.7333333333333,67.0666666666667,519.666666666667
2009:Q2,-1.0173,-1.2408,-4.015,-2.5496,-7.0533,0.0856,0.3856,-7.1988,-8.9474,-29.2606,-6.9496,-15.0576,5.6394,10.8978,2.4483,-1.0788,-0.7932,-1.4803,1.1024,-6.8325,0.2494,0.2373,2.6366,0.7155,0.2673,1.3439,1.9705,6.2589,-5.8146,-0.230666666666667,-4.388,0.4665,-2.80586666666667,0.7859,-0.3207,2.7497,-1.6769,13.6688,1.2459,2.2565,5.166,18.8932,1.5715,-0.4862,6.9648,3.4061,2.41146666666667,9.93113333333333,2.1637,-450.333333333333,-3.99903333333333,-8.05543333333333,-16.8149333333333,-4.81813333333333,-7.8925,-7.2508,68.4666666666667,65.1,524.0
2009:Q3,3.5339,3.354,8.0782,2.0294,22.3802,1.1764,1.3523,-3.137,-2.5216,23.2808,14.7265,16.3464,2.3248,7.8828,-1.1065,3.5326,4.3166,13.9376,2.8532,0.1541,6.3937,0.7829,5.4065,1.4787,3.4959,2.7627,1.3758,9.7673,-5.1158,2.58636666666667,6.0792,20.5818666666667,5.41606666666667,1.74633333333333,1.97346666666667,-3.69876666666667,2.76126666666667,9.77493333333333,3.42073333333333,2.01423333333333,4.80956666666667,2.9134,1.4178,6.15076666666667,1.90343333333333,2.53223333333333,1.30046666666667,2.1785,0.0113666666666667,-242.0,-2.18673333333333,-3.1548,-7.60733333333333,-0.364533333333333,8.1477,10.1027,69.5333333333333,66.5,589.666666666667
2009:Q4,5.7309,1.9991,2.6077,4.2565,-0.8523,1.7052,1.5793,4.9227,2.8994,5.6788,18.0998,10.5209,-0.1701,0.0767,-0.3102,1.9201,6.3617,6.7877,3.6751,5.3907,4.7064,0.6246,4.0835,2.06,0.4268,2.7335,1.3755,6.522,-4.6629,3.0583,4.46923333333333,14.7722333333333,0.1756,2.5267,2.6665,-0.799133333333333,3.16813333333333,8.38473333333333,4.55513333333333,3.5352,5.6718,3.6199,1.8338,4.8164,2.41636666666667,3.2923,1.31973333333333,9.9902,-0.332033333333333,-95.3333333333333,-0.867566666666667,1.7167,-3.5783,1.19426666666667,5.8828,4.3965,71.3333333333333,68.2,553.333333333333
2010:Q1,3.2387,3.631,6.172,3.9132,11.3071,2.4127,2.1936,8.0705,4.0428,-10.8787,5.7736,8.8918,-1.7885,1.3485,-3.8217,3.5139,4.1477,8.276,3.6878,5.1524,5.2099,0.8544,1.9784,1.4682,-2.7239,1.637,0.6151,3.0042,-1.2958,4.68993333333333,11.3047,18.9283,8.67123333333333,1.64566666666667,1.3414,9.60863333333333,4.5649,12.4026,2.67123333333333,5.62016666666667,5.80846666666667,0.9771,1.31453333333333,-3.34463333333333,1.1918,0.936533333333333,-0.175766666666667,6.7268,1.8862,35.3333333333333,0.330833333333333,1.8647,5.59746666666667,3.95416666666667,5.01786666666667,6.84703333333333,72.8333333333333,69.4,597.333333333333
2010:Q2,2.3866,1.6271,3.4229,1.6069,7.4708,0.7584,0.6393,3.8929,16.9845,27.7788,10.352,28.8291,4.3687,9.1498,1.2619,1.5708,4.2556,-0.3191,2.5925,4.8306,1.5989,1.8313,-3.6177,1.9439,0.9731,0.0288,1.1479,-1.1022,0.2124,1.65836666666667,1.43256666666667,6.5382,-0.847833333333333,1.7738,1.58053333333333,6.70553333333333,1.5273,-3.83243333333333,3.3554,5.99826666666667,0.8622,-5.17656666666667,1.73756666666667,-0.6299,-0.6537,-1.4605,1.32043333333333,-3.49053333333333,2.10333333333333,198.666666666667,1.8725,4.14866666666667,3.22993333333333,1.5481,8.3,6.2036,74.1666666666667,71.2333333333333,604.666666666667
2010:Q3,2.0097,2.5643,2.8095,1.2856,6.1483,2.4472,2.3689,4.3287,9.7525,-29.0627,4.9812,17.4268,3.3474,8.8267,-0.2399,2.5172,4.222,3.7831,3.3592,7.1346,3.5045,2.2747,0.9652,0.9625,2.6188,0.9641,0.8085,2.2055,-0.0656,1.78513333333333,3.0646,8.0458,1.0788,1.17563333333333,0.9352,7.74023333333333,1.6393,7.0673,2.51066666666667,6.32413333333333,4.011,3.86623333333333,1.565,-0.8158,2.32536666666667,2.69303333333333,0.714033333333333,4.1081,2.09886666666667,-93.3333333333333,-0.855466666666667,3.2868,5.64576666666667,0.425333333333333,3.69276666666667,4.75513333333333,74.7333333333333,72.2,584.666666666667
2010:Q4,3.173,4.3829,10.0535,5.0041,21.6429,1.6558,1.6753,1.3732,4.4231,3.3826,8.4998,-13.5695,-0.5857,-0.1461,-0.8761,4.4636,3.4427,13.9779,2.5086,5.6486,6.2895,0.3354,3.5647,0.8173,4.2919,1.746,0.4285,2.3924,-0.6107,3.79676666666667,7.11216666666667,14.6632,3.9522,2.20686666666667,2.553,-5.30353333333333,4.07526666666667,12.0141666666667,3.25433333333333,7.00543333333333,6.1424,4.5731,0.675566666666667,15.2036,1.9824,3.5076,0.735966666666667,9.70916666666667,-0.353666666666667,97.6666666666667,0.903033333333333,2.48756666666667,-0.9736,2.7826,5.3163,5.39976666666667,75.3333333333333,72.9,534.333333333333
2011:Q1,1.7482,2.7229,4.7451,2.0757,10.6147,1.6961,1.9592,-4.5516,1.7943,-4.1082,4.9665,4.3886,-5.2449,-7.9118,-3.3357,2.917,3.6809,13.176,3.6373,-1.4892,6.8468,1.8952,8.0404,1.6438,3.3353,3.8167,1.4604,0.7425,1.6922,1.4288,2.0046,7.7773,-0.588766666666667,1.2108,1.4486,-4.5464,1.58903333333333,11.9719666666667,3.24053333333333,-1.08146666666667,6.15153333333333,9.78406666666667,1.7535,3.84596666666667,4.48006666666667,6.14243333333333,2.03373333333333,13.1146333333333,4.1995,148.0,1.37283333333333,2.94406666666667,3.48043333333333,3.11586666666667,2.78283333333333,5.84683333333333,76.6,74.4333333333333,541.333333333333
2011:Q2,1.2822,0.0939,-1.3447,0.1157,-4.4032,0.8438,0.8909,-0.1457,6.3235,3.7899,6.0064,1.3128,-1.1407,2.1823,-3.3664,0.0999,3.7094,3.6684,3.0614,2.0194,3.274,2.3299,5.0804,2.1583,2.0658,3.1714,2.0779,-0.0435,2.3886,-0.433133333333333,-2.83503333333333,-8.3877,-0.0932999999999999,0.874,0.7703,3.62203333333333,-0.5355,-2.00173333333333,2.5805,3.08556666666667,0.887266666666667,0.817766666666667,1.78756666666667,0.1553,1.42173333333333,1.5159,2.9474,2.71673333333333,3.21623333333333,105.333333333333,0.974233333333333,1.6036,2.55073333333333,1.1915,1.30453333333333,0.55,76.7666666666667,74.4333333333333,570.666666666667
2011:Q3,2.4637,2.4409,1.4366,0.2121,4.1252,2.9596,3.193,-2.5935,16.2781,2.3634,4.002,1.9207,0.0,1.9799,-1.3393,2.5765,5.0431,4.3762,5.2881,0.8547,4.9683,2.5206,2.9037,2.0273,3.5036,2.3324,2.0881,2.753,-2.4205,3.67636666666667,5.66056666666667,21.1484666666667,-0.641866666666666,2.75356666666667,2.75953333333333,3.8108,3.7034,11.6191,4.8985,0.6586,7.1467,5.69656666666667,2.08083333333333,-1.51593333333333,3.32213333333333,4.8169,2.11823333333333,4.1209,2.97613333333333,73.3333333333333,0.6741,1.25586666666667,1.53843333333333,0.4117,5.35956666666667,5.93126666666667,77.4333333333333,75.0333333333333,611.0
2011:Q4,2.7523,2.0423,5.6816,1.6497,14.8137,0.2167,0.0206,4.9231,1.7306,10.8653,4.6499,4.385,-4.5617,-7.3114,-2.6484,1.9658,3.152,4.8153,1.5956,4.5063,2.7078,0.4365,-0.8228,1.5717,-0.3191,0.7275,1.067,0.5679,1.4191,0.812933333333333,2.40513333333333,7.71733333333333,0.0352333333333333,0.00883333333333334,0.0346,-0.0827666666666668,0.853733333333333,-0.668266666666667,1.36453333333333,3.7374,0.6367,-2.998,1.33896666666667,5.3171,-0.201433333333333,-0.364933333333333,1.83276666666667,-0.580633333333333,1.8129,133.333333333333,1.2234,3.2457,3.04583333333333,4.9813,3.53503333333333,3.7769,77.9,75.5333333333333,656.666666666667
2012:Q1,2.2043,2.9039,6.1971,2.1151,15.2789,1.2182,1.0621,5.0816,-2.1387,19.0439,5.3807,4.2702,-3.028,-5.6208,-1.2146,2.8453,3.7703,8.8392,3.281,11.2814,5.2033,1.5236,2.4804,2.1933,6.0607,2.2939,2.1321,-0.6199,1.9902,2.30636666666667,4.4305,10.0574333333333,2.00506666666667,1.2196,0.9802,7.28693333333333,2.18056666666667,9.455,2.6528,14.6631,4.99563333333333,4.78793333333333,1.638,7.93886666666667,2.7385,3.69316666666667,2.21093333333333,1.8924,3.615,196.666666666667,1.7984,5.22353333333333,2.58813333333333,2.25016666666667,0.0,3.1727,78.6,77.4,683.666666666667
2012:Q2,1.5369,1.483,0.73,1.5407,-0.9843,1.8744,1.7258,5.5562,5.356,9.7678,5.3153,5.9655,-1.4257,-0.3514,-2.1392,1.3738,3.0739,-1.1558,3.95,4.6905,2.1384,1.5587,-1.8661,2.1927,-0.6918,0.7555,1.7511,1.8881,1.4201,1.20576666666667,0.761966666666667,1.6348,0.437333333333333,1.4353,1.15653333333333,8.43866666666667,1.01916666666667,-3.91486666666667,3.53813333333333,4.78763333333333,0.852033333333333,-4.61143333333333,2.36093333333333,-3.09663333333333,-0.159433333333333,-0.819133333333333,2.62426666666667,-4.50703333333333,2.22263333333333,88.0,0.797433333333333,1.9586,-0.811966666666667,2.23976666666667,5.67353333333333,3.6416,79.0333333333333,77.7333333333333,728.333333333333
2012:Q3,2.0138,2.0103,4.3515,2.431,8.5277,0.8248,0.4431,9.7723,-1.2618,14.4126,-1.6187,-0.231,3.663,9.5987,-0.1094,1.7907,4.9689,6.3464,2.299,9.0409,3.6952,2.8318,1.9162,1.8481,-0.7553,1.8689,1.3198,1.5259,0.3975,3.64273333333333,7.49793333333333,12.4580333333333,5.2452,1.71826666666667,1.15133333333333,16.4386666666667,3.3209,14.6463666666667,3.33803333333333,6.39596666666667,7.13836666666667,6.69363333333333,2.19523333333333,-7.32886666666667,3.73853333333333,5.03106666666667,1.16126666666667,13.1416666666667,2.67976666666667,124.333333333333,1.12613333333333,1.1656,-0.935,2.99006666666667,-0.337333333333333,0.205533333333333,78.6,77.2,789.333333333333
2012:Q4,-0.1435,2.1713,4.5769,0.4009,13.8963,0.9473,0.8996,2.0009,8.4095,15.2535,-5.6879,-3.1846,-6.6206,-14.9516,-0.6819,2.1753,0.4562,4.8095,2.5565,7.0842,3.3399,0.5954,0.2069,1.6447,4.8957,1.1384,0.8702,-1.8725,4.6418,2.20663333333333,4.34356666666667,12.6789333333333,1.0783,1.2274,1.2709,0.4846,2.26203333333333,-1.127,2.9772,5.3515,1.4952,-4.8454,1.6869,5.26546666666667,-0.684433333333333,-0.724066666666667,1.56263333333333,-4.3231,-0.202933333333333,157.333333333333,1.42116666666667,3.16553333333333,3.98133333333333,0.4578,4.025,5.35763333333333,78.3333333333333,76.6333333333333,903.0
2013:Q1,2.5024,3.1873,3.2729,0.9947,8.1329,3.1418,3.5525,-6.2197,2.0919,12.5667,2.9044,5.3603,-4.0854,-8.3619,-1.2295,3.4568,3.735,2.3309,5.5629,-6.1876,4.4229,1.1698,-0.9123,1.9435,-0.0477,0.934,1.1891,1.1813,-0.2711,3.04503333333333,0.0480333333333334,-3.00223333333333,1.66493333333333,4.66536666666667,5.25123333333333,-8.2616,3.3768,1.14363333333333,6.73423333333333,-7.58676666666667,4.58063333333333,0.864133333333333,1.40643333333333,0.812,1.16033333333333,2.19806666666667,2.14813333333333,1.4163,2.1946,160.333333333333,1.43783333333333,3.23506666666667,3.0705,3.01636666666667,4.19493333333333,1.04486666666667,79.0666666666667,77.4333333333333,947.666666666667
2013:Q2,1.6737,1.7742,3.4435,1.9956,6.505,0.9363,1.4673,-11.8155,4.5922,13.3545,5.3688,9.5399,-0.4121,-1.526,0.3233,2.1465,2.3943,-0.0208,2.959,-2.3746,1.916,0.7493,-3.3479,1.4677,10.7622,-0.2275,0.8211,0.7091,1.6955,1.47616666666667,5.681,10.5101,3.3911,-0.603333333333333,-0.3405,-5.88856666666667,1.70413333333333,4.4015,1.4631,5.29576666666667,2.39383333333333,-1.24873333333333,1.81316666666667,14.0232,0.675766666666667,1.13216666666667,1.5316,2.5357,1.30646666666667,178.333333333333,1.59083333333333,1.9617,-2.33113333333333,2.9552,-0.272533333333333,-0.365666666666667,77.7333333333333,75.9333333333333,867.666666666667
2013:Q3,2.8463,1.52,4.3329,2.6681,7.8703,0.1078,0.0296,2.1234,1.6127,14.6172,4.5595,1.8451,0.2067,-1.7011,1.5061,1.5016,4.8042,6.656,1.7896,4.6561,3.4532,1.9049,2.2314,1.76,2.4109,1.9195,1.4151,1.6906,-0.7872,1.3714,2.0581,-0.5842,3.7001,1.0498,1.11926666666667,-0.579033333333333,1.42413333333333,2.5715,2.7551,2.6058,2.6613,0.4887,1.61043333333333,3.3596,1.22033333333333,1.73453333333333,1.62953333333333,1.0354,0.432666666666667,159.666666666667,1.41806666666667,0.3836,0.565833333333333,1.4823,3.7191,3.0628,77.9,76.0,893.5
2013:Q4,3.2279,3.3395,4.9254,4.4319,5.9104,2.5496,2.5389,2.6651,3.8236,-9.7945,11.4441,0.9553,-4.9146,-12.6513,0.5058,3.3617,4.5601,3.0605,4.555,5.0025,4.0358,1.2771,-1.7676,1.966,2.359,0.6525,1.117,2.6298,-1.3026,4.1075,6.78286666666667,8.07716666666667,7.0257,2.77676666666667,3.20066666666667,-7.18666666666667,4.4226,4.92323333333333,4.95356666666667,4.5708,4.93623333333333,-1.65403333333333,1.6913,13.0369666666667,0.4985,1.10673333333333,1.55576666666667,0.8541,1.95943333333333,160.333333333333,1.4199,0.452,1.1175,1.47943333333333,5.47056666666667,5.95743333333333,78.7666666666667,76.7333333333333,1045.0
2014:Q1,0.1079,3.0174,0.3566,0.1523,0.7978,4.3877,4.6295,-1.6655,-2.041,-5.7608,-7.6219,-1.4311,-0.5011,0.7489,-1.2787,3.1417,1.4118,-0.0916,6.9547,4.8695,4.4754,1.3174,-0.4481,2.2168,6.5874,1.2935,1.25,-1.8255,4.6502,5.03466666666667,4.94436666666667,11.6108333333333,2.06183333333333,5.34016666666667,5.53053333333333,0.9781,5.1446,4.05993333333333,8.05826666666667,9.39016666666667,6.51766666666667,-0.819133333333333,2.40513333333333,8.59583333333333,1.29016666666667,1.79666666666667,1.81683333333333,3.52926666666667,3.0721,160.0,1.40493333333333,3.7005,7.13563333333333,1.60796666666667,3.748,2.4228,78.8333333333333,76.3666666666667,911.0
2014:Q2,3.9481,2.4643,6.162,2.5519,14.0258,0.666,0.3446,8.5429,5.491,7.5399,9.4972,11.7364,1.6133,-0.7496,3.1212,2.2992,6.0147,8.3401,2.8714,9.5944,4.7116,1.9831,2.0617,2.515,0.9673,2.355,1.9596,1.9596,1.0055,-0.4601,0.651166666666667,4.06076666666667,-0.862866666666667,-1.00766666666667,-1.50556666666667,12.2078333333333,-0.773233333333333,4.68673333333333,0.534933333333333,10.2902,1.9366,3.98833333333333,2.09043333333333,-1.68663333333333,2.72973333333333,3.53216666666667,2.5262333333333302,5.63743333333333,2.1553,264.333333333333,2.31936666666667,2.62423333333333,3.2765,2.8481,1.35156666666667,1.33243333333333,78.9333333333333,76.8333333333333,988.666666666667
2014:Q3,3.549,1.7822,3.0902,1.1431,7.1838,1.1299,0.9348,5.7596,5.4618,1.8693,7.8329,-1.7048,4.5755,9.929,1.3441,1.6718,4.8694,3.33,2.6533,8.5236,2.8855,1.3106,0.2223,1.7034,2.549,1.1915,1.3996,1.5213,0.038,0.475366666666667,-0.745233333333334,-0.464033333333333,-0.4541,1.1684,1.00646666666667,5.0416,0.352266666666667,-2.82946666666667,2.59623333333333,9.11576666666667,0.671766666666667,-1.90733333333333,1.56876666666667,3.89586666666667,0.351466666666667,-0.0874666666666667,1.00366666666667,-1.93776666666667,1.27996666666667,199.666666666667,1.73806666666667,0.750233333333333,2.80553333333333,0.368666666666667,6.0806,4.29143333333333,79.1,77.4333333333333,1022.0
2014:Q4,2.6422,4.2631,5.3829,4.3923,7.4654,3.7096,4.0551,-4.083,1.8781,4.0637,2.7659,8.8967,-2.1663,-7.4554,1.2947,4.5099,2.5444,-0.2092,5.7179,6.5361,3.6483,-0.0184,-5.3178,1.5936,11.0303,-0.8249,1.0802,-1.9617,2.6379,3.37336666666667,6.50693333333333,7.5712,6.1867,1.92413333333333,2.03583333333333,-0.586033333333333,3.49083333333333,-2.13533333333333,4.1321,3.89926666666667,1.89286666666667,-8.08553333333333,2.05613333333333,4.64033333333333,-1.5419,-2.45713333333333,1.1191,-8.3728,1.71343333333333,262.333333333333,2.2763,4.48523333333333,3.6953,4.97093333333333,4.97253333333333,6.62113333333333,79.5666666666667,78.0,1042.0
2015:Q1,0.2482,1.9385,0.2096,-0.2505,1.1333,2.7841,3.4089,-10.9314,-3.403,1.2751,-7.1525,1.8132,-0.8393,0.286,-1.5222,2.3236,0.1424,-8.5254,4.7212,-5.0202,0.0666,-0.0552,-8.714,1.2675,6.6198,-2.2041,0.8574,-1.9152,4.8031,2.0058,2.5217,5.34023333333333,1.48726666666667,1.82533333333333,2.5183,-12.2937333333333,2.46613333333333,-1.61086666666667,3.87086666666667,-4.7301,1.76906666666667,-4.05223333333333,1.32776666666667,9.41273333333333,-0.625566666666667,-0.788433333333333,2.2716,-5.87106666666667,3.22136666666667,226.0,1.94526666666667,0.0269333333333334,-1.12993333333333,-0.3139,-1.40696666666667,0.0123666666666666,78.9,77.5,962.666666666667
2015:Q2,2.3219,2.9376,4.7951,3.5495,7.3238,2.0548,2.3245,-4.1989,-0.6018,6.6385,5.3245,3.4629,0.7773,-1.0755,1.9611,3.142,4.4042,7.4263,4.1773,1.8538,5.2478,2.0204,2.5075,1.809,6.2379,2.0412,1.8069,1.6655,0.4529,2.02026666666667,3.04946666666667,3.18103333333333,3.24593333333333,1.68436666666667,1.80563333333333,-1.08586666666667,2.11353333333333,6.1268,3.90886666666667,3.4932,4.44436666666667,2.63813333333333,2.06283333333333,4.81393333333333,2.23803333333333,3.53183333333333,2.34756666666667,7.79543333333333,2.75556666666667,242.0,2.0736,4.0764,2.33213333333333,2.08176666666667,-0.715166666666667,-0.7797,78.2333333333333,77.1333333333333,1115.0
2015:Q3,1.4923,3.2485,4.5369,3.4613,6.7185,2.6302,2.7731,-0.7944,2.0972,6.0885,1.9024,1.7611,1.7049,0.2522,2.6403,3.3637,2.7316,4.3424,4.6489,3.448,4.5426,1.242,-0.1975,1.8176,4.4263,1.142,1.3023,2.0333,1.0802,3.53406666666667,5.36646666666667,13.2260333333333,1.6708,2.6849,2.82056666666667,-0.4899,3.64973333333333,1.764,4.5659,3.2889,3.5781,-3.4644,1.6927,3.9269,-0.0664,-0.359233333333333,1.68586666666667,-7.3208,0.838066666666667,176.666666666667,1.5031,0.0261000000000001,-4.80843333333333,1.0284,0.119433333333333,0.590766666666667,77.7,75.9666666666667,1179.33333333333
2015:Q4,0.6914,2.1517,2.4204,1.4623,4.3341,2.0196,1.8331,6.4422,-1.8212,8.1733,-2.4846,1.069,0.6707,2.6886,-0.5909,2.0323,1.5146,-1.3057,3.8788,8.1837,2.1213,0.7838,-3.6418,2.0054,1.5885,0.0875,1.2463,-2.7023,3.9492,1.80106666666667,3.3038,2.3829,3.80156666666667,1.18763333333333,1.23073333333333,0.168366666666667,1.84766666666667,-0.4632,2.9182,4.8636,1.7039,-3.67253333333333,1.67096666666667,4.71603333333333,-0.146166666666667,0.4857,2.0558,-3.80566666666667,0.448633333333333,258.0,2.19196666666667,4.0372,7.4097,2.749,-4.3835,1.16756666666667,77.0,76.2,1127.33333333333
2016:Q1,0.5378,1.8663,0.1226,0.999,-1.6216,2.6971,2.5608,5.7558,-5.8499,14.8666,-2.553,0.1654,1.1616,-1.5999,2.9097,1.7509,1.2455,-4.0067,4.8381,13.1642,1.8396,0.7419,-4.119,2.2209,6.9729,0.0875,2.0706,-1.126,4.0944,2.62406666666667,3.882,4.9958,3.4561,2.0697,1.94693333333333,5.1276,2.55526666666667,-0.215533333333333,4.02466666666667,12.6235,2.5676,-4.00783333333333,2.04033333333333,7.44866666666667,0.00593333333333331,-0.194533333333333,2.616,-3.6071,1.45716666666667,202.666666666667,1.71016666666667,0.362366666666667,-3.886,1.02053333333333,-0.85,1.5611,76.2,75.7666666666667,1122.0
2016:Q2,1.2182,4.2036,6.7951,5.9898,8.3552,2.9992,2.8303,7.1173,-2.2562,-6.114,1.3772,-0.4042,-0.9031,-0.2144,-1.2879,4.1217,3.4572,7.7069,5.5203,5.8705,6.2353,2.2127,0.8533,2.6165,-1.1645,2.0287,1.7098,-0.6628,1.734,4.9885,8.88323333333333,14.1522666666667,6.40346666666667,3.2377,3.01293333333333,8.9676,4.89123333333333,11.0969,5.81683333333333,7.21956666666667,7.47286666666667,1.90216666666667,2.73086666666667,-1.36526666666667,2.44406666666667,3.4232,2.2952,6.5235,1.86703333333333,161.666666666667,1.3604,2.54626666666667,0.660366666666667,1.7036,3.28213333333333,1.25513333333333,75.2333333333333,75.0666666666667,1175.0
2016:Q3,2.9014,2.138,2.1697,-1.4292,9.4947,2.1244,2.0388,4.0277,1.1399,-6.2356,10.0384,2.3579,0.4973,2.4923,-0.6943,2.0861,4.4317,1.2888,4.6547,6.6309,3.5352,1.5112,-0.8619,2.5605,2.4751,1.4204,1.7131,3.3785,0.226,2.0241,2.3057,11.6094333333333,-1.77793333333333,1.96033333333333,1.91136666666667,3.19066666666667,1.99153333333333,2.0869,4.0391,9.30423333333333,3.3359,-0.179166666666667,2.0832,6.18513333333333,1.3168,1.82543333333333,1.8296,0.426066666666667,1.4744,187.333333333333,1.569,1.13186666666667,-0.585333333333334,0.363733333333333,1.3499,1.2634,75.6,75.0333333333333,1133.33333333333
2016:Q4,1.8735,2.4916,5.1509,2.2566,10.8896,1.2524,0.9594,8.3276,2.3929,10.1873,-4.2954,8.2454,1.175,-1.1688,2.6317,2.3235,4.0328,7.385,3.131,11.1622,4.5216,2.0976,2.1299,2.1585,2.5384,2.1468,1.2529,2.0362,1.8084,2.13106666666667,5.80786666666667,9.7151,3.94703333333333,0.501133333333333,0.517466666666667,1.32916666666667,2.18256666666667,7.46753333333333,2.438,3.92316666666667,3.97246666666667,1.45566666666667,1.9174,2.75316666666667,1.76076666666667,3.4151,2.14016666666667,5.15566666666667,1.85926666666667,165.0,1.3745,1.06586666666667,-1.7503,0.685033333333333,2.52596666666667,1.57006666666667,75.2666666666667,74.8333333333333,1213.0
2017:Q1,0.6941,0.3329,0.1066,1.4988,-2.524,0.4403,1.126,-14.5547,9.3985,13.6698,5.7531,4.132,-1.695,-1.9481,-1.5374,0.7854,2.9555,2.7698,3.2681,-10.145,3.1033,2.2642,2.6639,2.1221,5.2045,2.2968,1.9898,-1.5465,3.3743,-0.213733333333333,-1.2679,-6.18436666666667,1.41836666666667,0.3093,1.00433333333333,-14.0862,0.237166666666667,-0.568766666666667,2.56453333333333,-11.1279666666667,1.4553,0.812666666666667,1.58246666666667,6.02183333333333,1.2793,1.628,1.6016,4.18533333333333,2.2687,186.666666666667,1.55166666666667,1.08696666666667,4.77186666666667,1.73413333333333,1.63883333333333,1.63653333333333,75.6,75.3333333333333,1249.66666666667
2017:Q2,2.5683,2.8085,4.6827,3.8493,6.3118,1.9402,1.9986,0.4977,5.1872,-6.8207,4.056,2.0701,0.6923,2.2563,-0.2461,2.8775,3.5946,0.9678,4.034,6.2065,3.0106,1.0185,-3.5534,1.9905,5.6956,0.1285,0.9269,0.649,0.9208,1.5032,2.65343333333333,3.83373333333333,2.08696666666667,1.00103333333333,0.9547,2.38903333333333,1.48893333333333,-0.538633333333334,3.37356666666667,5.51953333333333,2.0264,-3.17386666666667,2.4012333333333302,3.88946666666667,0.5208,0.0731,1.0147,0.625533333333333,2.04303333333333,190.333333333333,1.57593333333333,2.89883333333333,1.41736666666667,4.42176666666667,5.61126666666667,3.3798,76.6333333333333,75.6,1159.66666666667
2017:Q3,2.9875,2.3524,4.2078,2.1206,8.2797,1.4957,1.4897,1.6319,3.8982,-5.9876,2.3309,-0.7991,-0.1105,1.1543,-0.8737,2.374,5.1997,4.9001,3.4433,3.0065,3.9204,2.1725,0.6701,1.9251,1.2791,1.5139,1.318,3.6264,0.4124,3.36303333333333,6.01373333333333,16.6626333333333,1.5241,2.24583333333333,2.35293333333333,-0.171133333333333,3.47053333333333,10.9289,4.21476666666667,4.30213333333333,6.2637,4.44443333333333,1.81426666666667,4.49436666666667,2.6575,4.33113333333333,1.9772,4.24743333333333,1.21393333333333,110.666666666667,0.9139,0.352533333333333,1.8838,-0.954033333333333,-1.65683333333333,-0.749233333333333,76.2666666666667,75.2666666666667,1154.0
2017:Q4,2.555,3.7955,8.2112,5.1961,14.1705,1.7602,1.7205,2.8212,6.8385,11.6526,6.9426,13.8726,2.9423,3.5546,2.6084,3.8234,4.9784,10.3377,5.0263,3.0408,6.7553,2.3616,1.9608,3.2512,0.2473,2.8229,1.882,-0.898,2.0084,3.28023333333333,4.25403333333333,3.78573333333333,4.5978,2.82576666666667,2.91843333333333,0.753333333333333,3.35506666666667,4.1401,5.88916666666667,6.26433333333333,5.29216666666667,-0.147833333333333,2.90056666666667,5.55806666666667,1.86703333333333,2.61763333333333,2.5036,5.2865,2.85083333333333,212.333333333333,1.74843333333333,2.8487,4.9427,3.0363,8.69256666666667,6.1536,77.3333333333333,76.4,1259.66666666667
2018:Q1,2.3176,1.0544,-1.0774,0.0919,-3.2614,2.0756,1.8052,8.4059,6.0682,0.0661,4.8392,2.5909,1.1689,1.7158,0.8278,0.8473,4.3457,0.8752,5.0208,9.6345,3.6364,1.9816,1.9762,3.1594,1.0875,2.7672,2.4661,1.1346,2.7604,1.18653333333333,0.216133333333334,0.8083,0.247333333333333,1.68306666666667,1.22383333333333,13.2446666666667,0.8692,0.505,5.01166666666667,6.13963333333333,3.50083333333333,0.609333333333334,3.7464,-6.03716666666667,2.66493333333333,2.57346666666667,2.8684,2.52626666666667,1.6084,205.333333333333,1.6819,2.6005,4.3124,1.3537,6.3001,6.09593333333333,77.8666666666667,76.3333333333333,1293.66666666667
2018:Q2,4.0595,3.9882,5.9165,4.2355,9.3255,3.1275,2.8499,9.1278,7.3535,-1.0361,9.2658,0.4686,2.1361,3.4398,1.3694,3.8282,7.4128,6.3702,5.5382,9.1692,5.8034,3.0372,0.4287,2.6093,0.027,1.9017,1.9548,3.6082,-1.1258,2.6558,2.7851,3.60056666666667,2.3976,2.6029,2.6069,2.5966,2.65986666666667,4.60106666666667,4.89933333333333,7.71293333333333,4.7898,1.73273333333333,2.24396666666667,5.55046666666667,2.07833333333333,2.25683333333333,1.73723333333333,3.9802,3.01326666666667,200.0,1.62856666666667,3.1371,3.50346666666667,2.65836666666667,5.0727,2.63226666666667,77.9666666666667,75.5333333333333,1270.0
2018:Q3,3.5002,3.9988,5.7898,5.2264,6.8592,3.1974,3.1148,5.0039,0.8291,-3.9834,-3.5263,9.0779,3.2807,3.3417,3.2233,3.9652,4.9309,5.3807,5.4688,12.0194,5.4396,1.6696,-0.3851,2.2882,6.62,1.4183,1.5903,1.9342,1.2274,2.86946666666667,5.37206666666667,6.87806666666667,4.93283333333333,1.7741,1.67026666666667,3.954,2.8342,4.6863,3.83536666666667,11.8693,4.10086666666667,-0.638966666666667,2.1357,7.60263333333333,1.22966666666667,1.8288,1.78123333333333,0.598766666666667,2.79223333333333,164.0,1.32796666666667,1.71656666666667,0.927533333333333,1.95803333333333,3.01363333333333,3.1107,78.1,75.8666666666667,1217.0
2018:Q4,2.5878,2.8367,3.8489,2.8387,5.8969,2.3844,2.2879,4.3686,6.1509,-3.5073,1.5509,2.6959,0.4142,1.5641,-0.2655,2.7887,4.5924,2.6615,4.9323,8.7882,4.1994,1.7902,-1.1489,2.5862,4.2761,1.372,1.7272,,,0.8087,-1.12346666666667,-1.77963333333333,-0.7461,1.80203333333333,1.90563333333333,-0.301033333333333,0.8464,-2.93713333333333,4.36973333333333,7.89876666666667,1.84456666666667,-2.03666666666667,2.44473333333333,8.1773,0.9702,1.19866666666667,2.47746666666667,-1.44376666666667,2.17993333333333,239.0,1.93336666666667,2.4105,5.543,2.94856666666667,4.1495,6.02986666666667,78.5333333333333,76.1333333333333,1242.0
2019:Q1,,,,,,,,,,,,,,,,,,,,,,,,,,,,,,,,,,,,,,,,,,,,,,-0.2372,2.9127,-8.4713,5.9983,304.0,2.4548,2.0495,10.5172,-0.9604,-7.3682,-9.7174,78.2,75.8,
